ID;Quelle;Erfassungsdatum;Video;Bild;Name;USK;Preis;In-App-Kaeufe;Sprache;Internet;Beschreibung;Schlagworte;Fach;Klasse;Didaktischer_Hinweis_1;Didaktischer_Hinweis_2;Didaktischer_Hinweis_3;Kompetenzen;Bildungsportal;Kategorie;Nutzungshinweise;Komfort;Triggerwarnung;Tiggerhinweise;KMZ1;KMZ2;KMZ3;Meta_Store;Entwickler;Speicherbedarf;Spielermodus;Plattform;
1587090851394430;Meta;15/02/2025;https://video-fra3-2.xx.fbcdn.net/o1/v/t2/f2/m69/AQNGLwdnVUxuFMbGvX0TN-7Y4xijAeLBomhb3HlAyBlYLTbc5tCAPDASTU0bXkbeOUpsV89lAl39WMh2p5pHig1y.mp4?strext=1&_nc_cat=111&_nc_sid=8bf8fe&_nc_ht=video-fra3-2.xx.fbcdn.net&_nc_ohc=2zIHyBw2FwUQ7kNvgGUnVwv&efg=eyJ2ZW5jb2RlX3RhZyI6Inhwdl9wcm9ncmVzc2l2ZS5GQUNFQk9PSy4uQzMuNjQwLnN2ZV9zZCIsInhwdl9hc3NldF9pZCI6MTIwNDAyNTUwMDY4MjQ5MiwidXJsZ2VuX3NvdXJjZSI6Ind3dyJ9&ccb=9-4&_nc_zt=28&oh=00_AYBUsRBidH6o6yZvxBqeAf0E19HeuKO3axKe0a6TzDwhIQ&oe=67B6A39F;https://scontent-fra3-2.oculuscdn.com/v/t64.5771-25/75292493_589275446682459_2407745569689547693_n.jpg?stp=dst-jpg_q92_s1440x1440_tt6&_nc_cat=104&ccb=1-7&_nc_sid=6e7a0a&_nc_ohc=r58qzfghWTkQ7kNvgG53OsL&_nc_oc=Adj1H_hCKlRrtYuW4zrqzZ_bIZ7pVgfb92yuWeu5jLmgketpnzuHqaud1tjrKkcsVwUxk7Pmsh6UYJ9x7L-Y5feM&_nc_zt=3&_nc_ht=scontent-fra3-2.oculuscdn.com&oh=00_AYCaCLH3aqVlZHfmej7RjHkKt06sPq62G0lsLyPlWRDWAg&oe=67B68EAA;Gravity Sketch;0;0;Nein;Englisch;Offline;Dieses immersive 3D-Design-Tool ermöglicht es dir, in einem virtuellen Studio kreativ zu skizzieren, Modelle zu verfeinern und in Echtzeit zusammenzuarbeiten. Es fördert die visuelle Kommunikation und unterstützt dich dabei, komplexe Designideen anschaulich darzustellen.;3D-Design, Kreativität, Skizzieren, Virtual Reality, Kollaboration;Kunst, Mathematik, Deutsch;8 - 13;"**Bildende Kunst**
Die Gestaltung von 3D-Modellen ermöglicht eine kreative Auseinandersetzung mit Kunst und Design. Schüler können Objekte und Gegenstände entwerfen und gestalten, wobei der künstlerische Ausdruck im Vordergrund steht. Zudem bietet sich die Möglichkeit, ausgedruckte 3D-Objekte weiterzuverarbeiten und sie in neue Kontexte einzubinden.";"**Mathematik**
Durch den Einsatz von 3D-Modellen wird das räumliche Vorstellungsvermögen geschult und herausgefordert. Verschiedene geometrische Körper wie Kugeln, Zylinder und Kegel können anschaulich betrachtet und analysiert werden. Besonders zusammengesetzte Körper lassen sich durch eine spezifische Visualisierung besser nachvollziehen, da sie aus unterschiedlichen Perspektiven betrachtet werden können.";"**Deutsch**
Die Integration von 3D-Modellen kann auf spielerische Weise erfolgen. Im Kontext des Themas „Kommunikation“ besteht die Möglichkeit, dass ein Schüler eine Beschreibung gibt, während ein anderer diese zeichnerisch umsetzt. Anschließend kann die Klarheit der Kommunikation analysiert und der Ablauf reflektiert werden. Darüber hinaus lassen sich literarische Szenen künstlerisch erfassen oder Figurenkonstellationen räumlich darstellen. Durch den Einsatz einer VR-Brille können die Schüler in die gestalteten Szenen eintauchen und sie auf eine neue Weise erleben.";"**Kreativität und Gestaltungskompetenz**
Schüler entwickeln ihre Fähigkeit, Ideen kreativ umzusetzen und gestalterische Lösungen zu finden. Sie arbeiten mit digitalen Werkzeugen, um ästhetische und funktionale Objekte zu entwerfen.";https://cloud.schulcampus-rlp.de/edu-sharing/components/collections?scope=EDU_ALL&id=fe90c57f-ab88-4402-a1fc-e0f438e0c45e;Kreativität;Sitzend, Stehend, Freiraum-Modus;Angenehm;Keine;Keine;MBMZ;TRIER;;https://www.meta.com/de-de/experiences/1587090851394426/;https://www.gravitysketch.com/;441,14 MB;Einzelspieler; Quest,  Quest 3S,  Quest 3,  Quest Pro,  Quest 2;
1946326588770580;Meta;15/02/2025;https://scontent-fra3-1.oculuscdn.com/v/t64.7195-25/39003251_332331054373776_9133717016912330752_n.mp4?_nc_cat=101&ccb=1-7&_nc_sid=b20b63&_nc_ohc=r6hIMa3ejiIQ7kNvgFLuLLU&_nc_oc=Adgg6XpbMVjNzV6_iY1TYj9m4RtS3Cow7o2qzRxK1xMI5xzh7LfV6b0hwFdzUF85AeYTHXFQ5HExIsstfUSSnB8n&_nc_zt=28&_nc_ht=scontent-fra3-1.oculuscdn.com&_nc_gid=Ad3KXwpUMxj6k3LNcHhr0AP&oh=00_AYA5DlO0zIq-5fn7BIPNVOXIgWO8O8B2pOprqhjxvMb6OQ&oe=67B6A974;https://scontent-fra3-1.oculuscdn.com/v/t64.5771-25/38974824_667513080387951_6597025717471412224_n.jpg?stp=dst-jpg_q92_s1440x1440_tt6&_nc_cat=105&ccb=1-7&_nc_sid=6e7a0a&_nc_ohc=Q8oFB0UWsyEQ7kNvgHXGsfk&_nc_oc=AdiytPtconH7OWmgXivZS5cY3YJsKXz_shu-h3Ey4_B-dPOyE-yO9rlaiZmRfG9ol-t-BnyI6rSiQAPaotm0ucbM&_nc_zt=3&_nc_ht=scontent-fra3-1.oculuscdn.com&oh=00_AYBY5pnDU4Kcmp8TyZgPgwkGCKhBX7MQSo6OTuh7NFYpLg&oe=67B6A2B7;NOTES ON BLINDNESS;0;0;Nein;Deutsch, Englisch, Französisch (Frankreich);Offline;Dieses preisgekrönte VR-Erlebnis entführt dich in die emotionale Welt eines Blinden, basierend auf den eindrucksvollen Aufzeichnungen von John Hull. Mit beeindruckender Grafik und räumlicher Tontechnik bietet die Anwendung eine vollständige Immersion in eine alternative Wahrnehmung der Realität.;Blindheit, Immersion, ARTE, Hörerlebnis, Narration, Erfahrungswelt;Kunst;Sek1;;;;;;Filmbildung;Sitzend, Stehend, Freiraum-Modus;Angenehm;Keine;;;;;https://www.meta.com/de-de/experiences/1946326588770583/;https://www.arte.tv/sites/webproductions/notes-on-blindness;1,07 GB;Einzelspieler; Quest 3S,  Quest 3,  Quest Pro,  Quest 2,  Quest;
1958100334295480;Meta;15/02/2025;https://video-fra3-1.xx.fbcdn.net/o1/v/t2/f2/m69/AQNitCH4h-1olbiuVD6gcESmSrgDXwVkmf2b0XlTv4fh6Bttxidn2Vrpplkpfbc41jZRDqaVjWyA20G6vvBE4tEM.mp4?strext=1&_nc_cat=105&_nc_sid=8bf8fe&_nc_ht=video-fra3-1.xx.fbcdn.net&_nc_ohc=AMTv6CuLjzYQ7kNvgEjnSi8&efg=eyJ2ZW5jb2RlX3RhZyI6Inhwdl9wcm9ncmVzc2l2ZS5GQUNFQk9PSy4uQzMuNjQwLnN2ZV9zZCIsInhwdl9hc3NldF9pZCI6MTEwOTcwMDc1NzIwODE0NSwidXJsZ2VuX3NvdXJjZSI6Ind3dyJ9&ccb=9-4&_nc_zt=28&oh=00_AYAIRLUO3I6rbTqjsEmhoWaeWeE-CC8pT7BFDglXEDaaQw&oe=67B6B3E5;https://scontent-fra5-2.oculuscdn.com/v/t64.5771-25/38974895_311767163111334_5684129267655376896_n.jpg?stp=dst-jpg_q92_s1440x1440_tt6&_nc_cat=106&ccb=1-7&_nc_sid=6e7a0a&_nc_ohc=S5qDu6Fq2JkQ7kNvgEDaNiQ&_nc_oc=AdiWiFxEl1JERZVgGoQwG536L-31JOcOPUBMqItmRnEuTi4UQoJQpBYCHUi4OV3yaP8z-pE0hNIEi1BxfxW9EErw&_nc_zt=3&_nc_ht=scontent-fra5-2.oculuscdn.com&oh=00_AYBeJAYpugScDNmB_Yp0wKdcH1ET-mygVzdXJg4DkP8KbA&oe=67B6ACF4;Anne Frank House VR;0;0;Nein;Deutsch, Englisch, Französisch (Frankreich), Hebräisch, Niederländisch, Portugiesisch (Portugal), Spanisch (Spanien);Offline;Diese VR-Anwendung ermöglicht einen einzigartigen Einblick in das Leben einer jungen jüdischen Familie, die während des Zweiten Weltkriegs im Versteck lebte. Du tauchst in authentisch rekreierte Räume ein und erlebst die emotionalen Herausforderungen jener Zeit.;Zweiter Weltkrieg, Anne Frank, Verfolgung, Versteck, Geschichte, Holocaust, Historische Erfahrung;Geschichte;Sek1;;;;;;Virtuelle Lernorte;Freiraum-Modus, Stehend;Angenehm;Mittel;;;;;https://www.meta.com/de-de/experiences/1958100334295482/;http://annefrankhousevr.com/;935,51 MB;Einzelspieler; Quest,  Quest 3S,  Quest 3,  Quest Pro,  Quest 2;
2038368596280230;Meta;15/02/2025;https://scontent-fra3-2.oculuscdn.com/v/t64.7195-25/10000000_2133230893551962_7664137966420457468_n.mp4?_nc_cat=104&ccb=1-7&_nc_sid=b20b63&_nc_ohc=rdvD6CgR0VUQ7kNvgEnlIVS&_nc_oc=Adj_A5AbkD3AccG2rjmAUHwT7qYuqSDexLzaL2uPg6T7BGVvE3Ztr5czInSRYDtvMXK3ZzbSnTWOlAIkwPomTG0l&_nc_zt=28&_nc_ht=scontent-fra3-2.oculuscdn.com&_nc_gid=A89K4cIeARyQGauUWZXQ6Xd&oh=00_AYAW18TKKkOJMnkWFVlNSBUM-Zx13_Io0wvE_qCggSqo2Q&oe=67B6B427;https://scontent-fra3-1.oculuscdn.com/v/t64.5771-25/39031347_569548574961056_7074858766012122676_n.jpg?stp=dst-jpg_q92_s1440x1440_tt6&_nc_cat=108&ccb=1-7&_nc_sid=6e7a0a&_nc_ohc=aHr4CYh388YQ7kNvgEW6dd7&_nc_oc=AdiLGb7eQqFUcP92biyN9MlOXcNyaons2choGF3YrgIheUPTi_TIzvqZTtjMW1OdJhlw5UB-B_Wvt3IhOllqXYjt&_nc_zt=3&_nc_ht=scontent-fra3-1.oculuscdn.com&oh=00_AYCYhOoqXMxQOxxbEoAh3VBEzQlGONEoB6JgEUOFMqrMaQ&oe=67B69C66;Nanome;0;0;Nein;Englisch;Download;Diese Plattform erlaubt es dir, 3D-Moleküle zu bauen und komplexe Proteinstrukturen zu simulieren, wodurch innovative Forschung in Chemie und Biologie gefördert wird. Einige Funktionen erfordern ein Abonnement.;Moleküle, Chemie, Biologie, 3D-Modellierung, Zusammenarbeit, Wissenschaft;Chemie, Biologie;Sek2;;;;;;Lernanwendung;Sitzend, Stehend, Freiraum-Modus;Angenehm;Keine;;;;;https://www.meta.com/de-de/experiences/2038368596280231/;https://nanome.ai/;832,24 MB;Einzelspieler, Mehrspieler; Quest 3S,  Quest 3,  Quest Pro,  Quest 2;
2046607608728560;Meta;15/02/2025;https://video-fra5-2.xx.fbcdn.net/o1/v/t2/f2/m69/AQN-DY1wuwWniocA5Q1ViHer6iQpBvzmi1e8r02xfhB9VaeQo85y-AN2q86akgF7_R6UN4a1vc22KMdeGm_OAPyp.mp4?strext=1&_nc_cat=1&_nc_sid=8bf8fe&_nc_ht=video-fra5-2.xx.fbcdn.net&_nc_ohc=mdnZdBuHyjsQ7kNvgFyecHV&efg=eyJ2ZW5jb2RlX3RhZyI6Inhwdl9wcm9ncmVzc2l2ZS5GQUNFQk9PSy4uQzMuNjQwLnN2ZV9zZCIsInhwdl9hc3NldF9pZCI6NTU2ODA1NjkzNTE0NDUyLCJ1cmxnZW5fc291cmNlIjoid3d3In0%3D&ccb=9-4&_nc_zt=28&oh=00_AYBhgoj760TQquSj2juPnH2lOpADnzQQVUiXpH_bgTF00g&oe=67B6B80C;https://scontent-fra5-1.oculuscdn.com/v/t64.5771-25/75251817_1437624149737080_2102130670254948352_n.jpg?stp=dst-jpg_q92_s1440x1440_tt6&_nc_cat=110&ccb=1-7&_nc_sid=6e7a0a&_nc_ohc=iNYq3B0Hi1cQ7kNvgHV7D6b&_nc_oc=AdicykUr3zse3ldi7GAgFSwCwhhxxwi3SGuT_kq5eHJfyLp-lj1nFr2db6u8lEUCzgDQXwTOx6pYZi4S2gmVbakX&_nc_zt=3&_nc_ht=scontent-fra5-1.oculuscdn.com&oh=00_AYDTBIUPlOzcvzRtzBZj-l-HMWiw9K3yseYq8LS47voGjg&oe=67B6ACE9;National Geographic Explore VR;0;9,99;Nein;N/A;Offline;Dieses interaktive VR-Erlebnis entführt dich zu zwei der spektakulärsten Orte der Welt – in die eisige Antarktis und das mystische Machu Picchu – und fordert dich heraus, atemberaubende Momente fotografisch festzuhalten. Mit spannenden Expeditionen, Kajakfahrten und digital rekonstruierten Landschaften erlebst du ein Abenteuer, das die ganze Familie begeistert.;Expedition, Entdeckung, Fotografie, Abenteuer, Natur, Kultur, interaktiv;Erdkunde;GS;;;;;;Virtuelle Lernorte;Freiraum-Modus;Angenehm;Keine;;;;;https://www.meta.com/de-de/experiences/2046607608728563/;https://vertigo-games.com/;3,55 GB;Einzelspieler; Quest 3S,  Quest 3,  Quest Pro,  Quest 2,  Quest;
2094303753986150;Meta;15/02/2025;https://video-fra5-2.xx.fbcdn.net/o1/v/t2/f2/m69/AQN-m5_yLruZ91Awn2d5Iee065ISIq4v4cuiRuwGzENmvLwkxYnCiOQGcdda4SmG1LVu8Qj5fZPNFTdDFrPATVZ_.mp4?strext=1&_nc_cat=1&_nc_sid=8bf8fe&_nc_ht=video-fra5-2.xx.fbcdn.net&_nc_ohc=5GExlvJ_TlQQ7kNvgHkpJ__&efg=eyJ2ZW5jb2RlX3RhZyI6Inhwdl9wcm9ncmVzc2l2ZS5GQUNFQk9PSy4uQzMuNjQwLnN2ZV9zZCIsInhwdl9hc3NldF9pZCI6NDU0MDkwMTA3MTk2MDQ3LCJ1cmxnZW5fc291cmNlIjoid3d3In0%3D&ccb=9-4&_nc_zt=28&oh=00_AYAPGvu60DO6TdRDvBgY6HUg_RrSB7bGFE3CBJF34CPb0A&oe=67B6B2DA;https://scontent-fra3-1.oculuscdn.com/v/t64.5771-25/39035328_379205322679990_5402628422356697088_n.jpg?stp=dst-jpg_q92_s1440x1440_tt6&_nc_cat=105&ccb=1-7&_nc_sid=6e7a0a&_nc_ohc=LXfjqlqAFY0Q7kNvgECOVnK&_nc_oc=AdivXhz404hN4Ntz5zr0OKxso0B0xteB1lyEGIdD8fxutceRsDe1MW1Nf-FzhwubfN0xudUD-tRNKvrm1f27hfu7&_nc_zt=3&_nc_ht=scontent-fra3-1.oculuscdn.com&oh=00_AYC2yUvfByDhlj5YxGZQxktYiBMa_YYoYIMfQArOGyJiSg&oe=67B6B77D;Mission: ISS;0;0;Nein;Englisch;Offline;Erlebe das Leben an Bord der Internationalen Raumstation in einer realitätsnahen VR-Simulation, in der du die Schwerelosigkeit meisterst und Raumspaziergänge absolvierst. Authentische Anleitungen von echten NASA-Astronauten und interaktive Missionen machen das Erlebnis besonders eindrucksvoll.;Weltraum, ISS, Schwerelosigkeit, Raumstation, Simulation, NASA, Spacewalk, Orbit;Physik;Sek1;;;;;;Immersion und Interaktion;Sitzend, Stehend, Freiraum-Modus;Moderat;Keine;;;;;https://www.meta.com/de-de/experiences/2094303753986147/;https://www.magnopus.com/projects/mission-iss;1,07 GB;Einzelspieler; Quest 3S,  Quest 3,  Quest Pro,  Quest 2,  Quest;
2404437756348350;Meta;15/02/2025;;https://scontent-fra5-2.oculuscdn.com/v/t64.5771-25/39031554_469295753710899_8401620621330481152_n.jpg?stp=dst-jpg_q92_s2048x2048_tt6&_nc_cat=107&ccb=1-7&_nc_sid=6e7a0a&_nc_ohc=39AfbjXWtXgQ7kNvgF126DJ&_nc_oc=AdgwnWHxdEUE2QhhrYCCtyvda-ksXrUkc1kRPj06PjDi1ipjptOouomttzfZhDYQ_XVdrovjLc-mYzqEs4HcYDxb&_nc_zt=3&_nc_ht=scontent-fra5-2.oculuscdn.com&oh=00_AYBujaoFB2vVtaXjQ_2GL9RrpvIfh7kN8iasirY0uYw_5A&oe=67B6AD62;Henry;0;0;Nein;Englisch;Offline;Diese charmante VR-Geschichte erzählt von einem kleinen Igel, der durch seine Liebe zum Umarmen und einen besonderen Geburtstag einen wundersamen Wandel erlebt. Erzählt von Elijah Wood und in Zusammenarbeit mit erfahrenen Kreativen entführt dich das Erlebnis in eine herzerwärmende Welt.;Igel, Umarmung, Freundschaft, Geschichte, kindgerecht, Erzählung;Kunst;GS;;;;;;Interaktive Geschichten;Sitzend, Stehend, Freiraum-Modus;Angenehm;Keine;;;;;https://www.meta.com/de-de/experiences/2404437756348346/;https://storystudio.oculus.com/;1,35 GB;Einzelspieler; Quest 3S,  Quest 3,  Quest Pro,  Quest 2,  Quest;
2446271755437610;Meta;15/02/2025;https://scontent-fra5-2.oculuscdn.com/v/t64.7195-25/75318182_255426532573278_174507328863945162_n.mp4?_nc_cat=109&ccb=1-7&_nc_sid=b20b63&_nc_ohc=JwZrx9nefMwQ7kNvgEO-Zrs&_nc_oc=AdjRkM6wP7NI8naf430ECiPLlnTV-Ix6PsJFJLLEOWdVa2fLGnLI9TBYU3wCIza2IyG8wp9hAj-GypuDOmEg0MPy&_nc_zt=28&_nc_ht=scontent-fra5-2.oculuscdn.com&_nc_gid=AQj2qJp3sbqWoSY1zbfnImq&oh=00_AYCTDPylhbINq1_P-x4jFPbR5DhlHxpx1ocmo4KaT010Qg&oe=67B6B5E3;https://scontent-fra5-1.oculuscdn.com/v/t64.5771-25/38974901_1228149330888922_368176392523064123_n.jpg?stp=dst-jpg_q92_s1440x1440_tt6&_nc_cat=110&ccb=1-7&_nc_sid=6e7a0a&_nc_ohc=l9uIoT6GNKsQ7kNvgFgQSKR&_nc_oc=Adi64w7pxBINXDrmnfmsMAOUFCHxJGCEIAUsDobSRRSzJVU1Gf3r-dECuEH1GflZufE9Gce98ZJXA3TK8pZZZSIO&_nc_zt=3&_nc_ht=scontent-fra5-1.oculuscdn.com&oh=00_AYAi59WAQ4QLam8Uz3jUmKg8gdTPNO_HepcWPGz3Is99Wg&oe=67B6B37D;Wolves in the Walls;6;8,99;Nein;Englisch, Englisch (US);Offline;In dieser interaktiven Fabel entdeckst du die mysteriösen Geräusche und Geheimnisse eines Hauses, in dem etwas Unheimliches in den Wänden lauert. Du unterstützt eine achtjährige Protagonistin dabei, ihre Familie vor einer drohenden Gefahr zu warnen, und erlebst ein innovatives VR-Abenteuer.;Fabel, interaktiv, Mystery, Kinder, Neil Gaiman, Spannung;Literatur;GS, OS;;;;;;Interaktive Geschichten;Sitzend, Stehend, Freiraum-Modus;Angenehm;Gering;;;;;https://www.meta.com/de-de/experiences/2446271755437605/;https://fable-studio.com/wolves-in-the-walls;1,36 GB;Einzelspieler; Quest 3S,  Quest 3,  Quest Pro,  Quest 2,  Quest;
2448060205267930;Meta;15/02/2025;https://scontent-fra5-2.oculuscdn.com/v/t64.7195-25/39035397_979242124239986_3074018985684072980_n.mp4?_nc_cat=1&ccb=1-7&_nc_sid=b20b63&_nc_ohc=UiEcg5dDe3QQ7kNvgHIpgvB&_nc_oc=AdihuPyre669peLIt-nIciWsuHquCYX8t83ahUN1hYAhrTlgpGAutDqzsFeOOcQnpEkCRaBMOnpWnCC1X9li42lA&_nc_zt=28&_nc_ht=scontent-fra5-2.oculuscdn.com&_nc_gid=AiNbdiX3JTTWjd_Ig0aDHH3&oh=00_AYA4cENOGJnGUMdCDk_VNJem6rl5iL9wvQVs6_Sr8MUBog&oe=67B6AAC1;https://scontent-fra5-1.oculuscdn.com/v/t64.5771-25/57569471_819365792842734_7753633006403218292_n.jpg?stp=dst-jpg_q92_s1440x1440_tt6&_nc_cat=110&ccb=1-7&_nc_sid=6e7a0a&_nc_ohc=q7725GXPAzgQ7kNvgGY5yRy&_nc_oc=Adiy9pekDc5bI0FxAhmdzesbh1YH3r_xRmoIXa_K5hj6vKUVH0ySH0xjGiUud7qZBQ631aK9ijAoo6fHKKLRNBFr&_nc_zt=3&_nc_ht=scontent-fra5-1.oculuscdn.com&oh=00_AYChmDqtn2U8wJurVK3fnnt4UsXGx0yeQs5D5ykWJ2OQZw&oe=67B6A32B;Beat Saber;0;29,99;Ja;Deutsch, Englisch, Französisch (Frankreich), Japanisch, Koreanisch, Spanisch (Argentinien), Spanisch (Chile), Spanisch (Kolumbien), Spanisch (Mexiko), Spanisch (Peru), Spanisch (Puerto Rico), Spanisch (Venezuela);Offline;In diesem VR-Rhythmusspiel triffst du präzise auf ankommende Beats mit deinen Lichtschwertern, während handgemachte Musik und beeindruckende visuelle Effekte das Erlebnis intensivieren. Die Spieler werden zum Tanzen animiert, indem sie Hindernissen ausweichen und den Rhythmus beibehalten.;VR-Rhythmusspiel, Musik, Tanzen, Säbel, Level-Design;Musik;Sek1;;;;;;Immersion und Interaktion;Stehend, Freiraum-Modus;Angenehm;Keine;;;;;https://www.meta.com/de-de/experiences/2448060205267927/;http://beatsaber.com/;1,38 GB;Einzelspieler, Mehrspieler; Quest 3S,  Quest 3,  Quest Pro,  Quest 2;
2537261906377370;Meta;15/02/2025;https://scontent-fra3-2.oculuscdn.com/v/t64.7195-25/39001680_651277395751608_2771349642589567040_n.mp4?_nc_cat=111&ccb=1-7&_nc_sid=b20b63&_nc_ohc=eWdxmhD0K4MQ7kNvgG7EVbI&_nc_oc=AdhBfwahK7g9IILI4Sya0DYkZWvzT_J6k-kRQA83dombk7FkHwhkVVcmoLqbmYEJAj-2xnJ8MPp16kVekQ4pTU2w&_nc_zt=28&_nc_ht=scontent-fra3-2.oculuscdn.com&_nc_gid=At75yioIXeNmUs55ru_uHMv&oh=00_AYCG2_HQ0pAyDEzTVhL8Tospr-CjLJekFUEYR_rf2BhtnA&oe=67B69AD4;https://scontent-fra5-2.oculuscdn.com/v/t64.5771-25/39035463_215771666543828_7393312028728896247_n.jpg?stp=dst-jpg_q92_s1440x1440_tt6&_nc_cat=106&ccb=1-7&_nc_sid=6e7a0a&_nc_ohc=GHSK05uvwm8Q7kNvgE6k0TG&_nc_oc=AdgCBU2Bpv5UzoD2dN7QRED_zCuh6JHFr0Vkk6U_FiwdFHlCRNqvKCowZXrjO6PiwmaSZwU7weuoOQr3HotqMZZ-&_nc_zt=3&_nc_ht=scontent-fra5-2.oculuscdn.com&oh=00_AYDWcDLMLqprh0XXsnEthUva7ZIjLJzjpz14iOCWatY_gA&oe=67B6ADC3;We Live Here;0;0;Nein;Englisch;Offline;Diese interaktive Erfahrung lässt dich die bewegende Lebensgeschichte einer obdachlosen Person durch persönliche Objekte und Animationen nachvollziehen. Du entdeckst Erinnerungen und Träume, die eine tief emotionale Erzählung entfalten.;Obdachlosigkeit, Erinnerung, Interaktivität, Erzählung, Soziale Themen;Sozialkunde;Sek1;;;;;;Interaktive Geschichten;Freiraum-Modus;Angenehm;Gering;;;;;https://www.meta.com/de-de/experiences/2537261906377373/;http://www.rosetroche.com/;1,38 GB;Einzelspieler; Quest 3S,  Quest 3,  Quest Pro,  Quest 2,  Quest;
2685959161497510;Meta;15/02/2025;https://scontent-fra3-2.oculuscdn.com/v/t64.7195-25/10000000_957312515636084_2396463454987409440_n.mp4?_nc_cat=111&ccb=1-7&_nc_sid=b20b63&_nc_ohc=XerM3hR9rh0Q7kNvgEfFTKA&_nc_oc=AdhJxlOQtdsqKs0_K2lEEtmQwRhxFSFHOE-hjDD9j2Wmq0pm7XmFlQl64Wi4JRDU91wt8RrWmw9V6kfBO-4mILcc&_nc_zt=28&_nc_ht=scontent-fra3-2.oculuscdn.com&_nc_gid=AJpzS91v_yV-BayD7NzQ77A&oh=00_AYAxEiXkd2S1eqCI57Z3RwGXkDex0wRNF8Dk35izMiTJrQ&oe=67B690E3;https://scontent-fra5-2.oculuscdn.com/v/t64.5771-25/75422390_1107146132997879_6054428845266698240_n.jpg?stp=dst-jpg_q92_s1440x1440_tt6&_nc_cat=107&ccb=1-7&_nc_sid=6e7a0a&_nc_ohc=JQiHCr9SgZIQ7kNvgEPrDE3&_nc_oc=Adh-ebnGnn6yhppV-_wNc-gc90YmzaCi-wkhtKeLqWMWUjRy1KGe3UNWmlUqffYW7QKUlAdPGmDcmrJqvam7fIag&_nc_zt=3&_nc_ht=scontent-fra5-2.oculuscdn.com&oh=00_AYAWn4UkdYcWEFnEbTtWbkmhan-kkcE4yKJoRexxNgo8_g&oe=67B6911D;Der Weg;0;4,99;Nein;Deutsch, Chinesisch (China), Englisch, Französisch (Frankreich), Japanisch, Koreanisch, Portugiesisch (Brasilien), Spanisch (Mexiko);Offline;Diese interaktive Geschichte entführt dich in ein detailgetreues Modell des São Paulo der 1940er-Jahre, in dem du eine emotionale Erzählung über Liebe und Angst vor Veränderung erlebst. Die Erfahrung kombiniert innovative VR-Elemente mit bewegendem Storytelling und verschiedenen Interaktionsmodi.;Liebe, Veränderung, interaktiv, Geschichte, São Paulo, Emotionen;Deutsch;Sek1;;;;;;Interaktive Geschichten;Freiraum-Modus, Sitzend;Angenehm;Keine;;;;;https://www.meta.com/de-de/experiences/2685959161497510/;https://www.arvore.io/project.php?p=the-line;705,23 MB;Einzelspieler; Quest 3S,  Quest 3,  Quest Pro,  Quest 2,  Quest;
2725629380835490;Meta;15/02/2025;https://scontent-fra3-2.oculuscdn.com/v/t64.7195-25/75289719_713638079164909_5222724976905289728_n.mp4?_nc_cat=104&ccb=1-7&_nc_sid=b20a63&_nc_ohc=DinYQyYmpiUQ7kNvgH7yj7m&_nc_oc=Adj2vCBhIVp5XTkhozTEMHM9H5Jvr0qfYZ1qCLPRpaJDt7TZFAnriWy594AtP1ZRzEqpk55GpClrJQcpb_C6XpC8&_nc_zt=28&_nc_ht=scontent-fra3-2.oculuscdn.com&_nc_gid=A61YnhMZ8bmU1xSqCB33_Wn&oh=00_AYDo_YyRyV8UqOy8HF2VJT_8dkqdfyHseWGq1qNnMEAyFg&oe=67B6B56A;https://scontent-fra3-1.oculuscdn.com/v/t64.5771-25/75280979_585582935509017_6683621835935842304_n.jpg?stp=dst-jpg_q92_s1440x1440_tt6&_nc_cat=103&ccb=1-7&_nc_sid=6e7a0a&_nc_ohc=tPFBKG9YTX4Q7kNvgHa28Db&_nc_oc=AdgtDwym1NZTzkr0j7YGfm0Pku2sIGXVX1u3Z4zvPqzMGYnT5i-SzRt7sPFg9sq_4bGmG3FlCQGn61PmqMm6Oq0x&_nc_zt=3&_nc_ht=scontent-fra3-1.oculuscdn.com&oh=00_AYBtdM1Rm3s2RMq08G35VuPIqjsZbI9gAivlOCl8Rgf_0g&oe=67B6ABAA;Dear Angelica;12;0;Nein;Englisch;Offline;Ein handgemaltes, immersives VR-Erlebnis, das dich auf eine zauberhafte Reise durch Erinnerungen an geliebte Menschen entführt. Die lebendig gestalteten Erinnerungen entfalten sich in traumähnlichen Sequenzen, die dich in eine nostalgische Welt eintauchen lassen.;Erinnerungen, Magie, Traumhaft, Handgemalt, Illustrativ, Emotion;Filmbildung;Sek1, Sek2;;;;;;Filmbildung;Sitzend, Stehend, Freiraum-Modus;Angenehm;Keine;;;;;https://www.meta.com/de-de/experiences/2725629380835491/;http://www.oculus.com/;2,99 GB;Einzelspieler; Quest 3S,  Quest 3,  Quest Pro,  Quest 2,  Quest;
2900834523285200;Meta;15/02/2025;https://scontent-fra5-2.oculuscdn.com/v/t64.7195-25/38974574_870573404263155_5510293191093138542_n.mp4?_nc_cat=1&ccb=1-7&_nc_sid=b20b63&_nc_ohc=Rsx2l88-N6YQ7kNvgF7D9Y3&_nc_oc=Adg6zJH8ssSBEcxp_OUDjAZwfvDooOyhUW-eaNrYiWw0EaN11ZEZnHo-i6bQ1n7PGQnv_wjUuLepw5zVrtvNg5Tg&_nc_zt=28&_nc_ht=scontent-fra5-2.oculuscdn.com&_nc_gid=AHfuSRbNjD9764bfBnC3vml&oh=00_AYDescsc3bpKcLz-6kB-VE61m4Gd2R_oxCT32hFRFFDqEw&oe=67B6B070;https://scontent-fra5-2.oculuscdn.com/v/t64.5771-25/57572925_2123113381152638_1453897916701716489_n.jpg?stp=dst-jpg_q92_s1440x1440_tt6&_nc_cat=107&ccb=1-7&_nc_sid=6e7a0a&_nc_ohc=2__z1jheyugQ7kNvgFnFNVV&_nc_oc=AdgqrxhoqHts15caxhRgOal66Ahjf8rcAFBvoU_B7W2Bh3IvNeXlGLoZyFEvee9GDFflvlC2JW2fQJCz15aK_gfI&_nc_zt=3&_nc_ht=scontent-fra5-2.oculuscdn.com&oh=00_AYDfF2Iv8pQ4siGjL-1Q5jUi4l7vDEvVUBN6FXq_EQ87Pg&oe=67B6B691;Home After War;6;0;Nein;Deutsch, Arabisch, Chinesisch (China), Englisch, Französisch (Frankreich), Polnisch;Offline;Diese narrative VR-Dokumentation führt dich in eine von Kriegsfolgen geprägte Stadt, in der ehemals verlassene Häuser nun versteckte Gefahren bergen. Aus der Ich-Perspektive erlebst du die Ängste und Hoffnungen eines zurückkehrenden Flüchtlings, während du sein Zuhause erkundest.;Krieg, Heimkehr, Dokumentation, Angst, Trauma, Immersion;Geschichte;Sek2;;;;;;Interaktive Geschichten;Stehend, Sitzend, Freiraum-Modus;Angenehm;Hoch;;;;;https://www.meta.com/de-de/experiences/2900834523285203/;https://www.homeafterwar.net/;1,48 GB;Einzelspieler; Quest 3S,  Quest 3,  Quest Pro,  Quest 2,  Quest;
2926036530794420;Meta;15/02/2025;https://scontent-fra5-1.oculuscdn.com/v/t64.7195-25/38974472_702536927702792_4731710715093325004_n.mp4?_nc_cat=110&ccb=1-7&_nc_sid=b20b63&_nc_ohc=kB8hQAisIlQQ7kNvgFXEFsQ&_nc_oc=Adif2QBEkhokmFNi5O_YcP1jaFtZtC1TR4gH6BLff-MBRCMmN25W7_sRl6XhUd6ONbzd74ggHcvuXv6eONZTrLWY&_nc_zt=28&_nc_ht=scontent-fra5-1.oculuscdn.com&_nc_gid=A4FUsTnlUhACu31jV8E-iJ1&oh=00_AYD3rZ34LTD2Dzx2sauyaPFx9fgsWbWsZZiL6TM1MhWeYA&oe=67B6867A;https://scontent-fra3-1.oculuscdn.com/v/t64.5771-25/39031564_1466489003806028_7181340559268214719_n.jpg?stp=dst-jpg_q92_s1440x1440_tt6&_nc_cat=105&ccb=1-7&_nc_sid=b20b63&_nc_ohc=S6rrDn4HFy8Q7kNvgGWi9ec&_nc_oc=Adhhsjr7FX_jcZGkGa7STQZKySb4q8pr59pZIWJaySX4ojucypCK4WdU7iZpgvBjIy3GbH041R2_27Pu2Q487AVV&_nc_zt=3&_nc_ht=scontent-fra3-1.oculuscdn.com&oh=00_AYCmETmna1mmT8Gmre78cNt1U1aiw0SII4Rm6oZGbE_H7Q&oe=67B6B9B9;ecosphere;0;0;Ja;N/A;Download;Dieses sozial engagierte VR-Dokumentarformat zeigt in immersiven 360°-Episoden, wie lokale Gemeinschaften weltweit zusammenarbeiten, um die Zukunft unseres Planeten zu sichern. Erlebe atemberaubende Natur und authentische Geschichten aus Regionen wie Kenia, Borneo und Kolumbien, die den Weg zu einer nachhaltigen Zukunft ebnen.;Dokumentation, Umwelt, Nachhaltigkeit, Gemeinschaft, Natur, soziale Wirkung;Biologie;GS;;;;;;Lernanwendung;Sitzend, Stehend, Freiraum-Modus;Angenehm;Keine;;;;;https://www.meta.com/de-de/experiences/2926036530794417/;https://www.phoria.com.au/projects/ecosphere/;2,25 GB;Einzelspieler; Quest 3S,  Quest 3,  Quest Pro,  Quest 2,  Quest;
3003818956320640;Meta;15/02/2025;https://scontent-fra5-2.oculuscdn.com/v/t64.7195-25/10000000_189960296422726_78050632258963276_n.mp4?_nc_cat=1&ccb=1-7&_nc_sid=b20b63&_nc_ohc=P58-5ugBdqcQ7kNvgH2TX4-&_nc_oc=Adi0oRjQqvltx-Y2wdt3EsgRYFEQLjgEpr7gAnyUvCcsRWEERPX596z7qU7X3nTQt35xXrgX_y1LKhad44-qsqcK&_nc_zt=28&_nc_ht=scontent-fra5-2.oculuscdn.com&_nc_gid=A564RJWIMLz4ft76AbSlHk-&oh=00_AYBbEJizP_RAlX0jMm1FI0OMZ79pomqi2Id4xnm0-oX7Cg&oe=67B6A7C2;https://scontent-fra3-2.oculuscdn.com/v/t64.5771-25/43997714_119308260254284_2231003202249099528_n.jpg?stp=dst-jpg_q92_s1440x1440_tt6&_nc_cat=111&ccb=1-7&_nc_sid=6e7a0a&_nc_ohc=UG0YOMsQ8DQQ7kNvgEs0n2_&_nc_oc=AdhK3CijlWyOcHK0_YGGZ4q3WjjbktVZsYEzKw5m8VGk4JNe3LnXwBDVT4BY0RLZ2DYcoMYKMHXfCETYutRUKmPG&_nc_zt=3&_nc_ht=scontent-fra3-2.oculuscdn.com&oh=00_AYCMUufn5cG-o7M_q2SdSekWwbCUSeubLuKcvRAuMxm5rw&oe=67B6BB8B;Madrid Noir;6;8,99;Nein;Englisch, Französisch (Frankreich), Spanisch (Spanien);Offline;In diesem Emmy-prämierten VR-Mystery-Abenteuer in zwei Akten erkundest du ein nächtliches Madrid, während eine junge Frau die Puzzleteile ihrer Vergangenheit zusammensetzt. Die Mischung aus klassischem Noir, lebendiger Animation und interaktiven Elementen verleiht der Erzählung eine fesselnde und atmosphärische Note.;Noir, Mystery, Abenteuer, Interaktivität, Theater, Madrid, Erinnerung, Animation;Kunst;GS;;;;;;Filmbildung;Stehend, Freiraum-Modus;Angenehm;Keine;;;;;https://www.meta.com/de-de/experiences/3003818956320639/;https://madridnoir.com/;808,45 MB;Einzelspieler; Quest 3S,  Quest 3,  Quest Pro,  Quest 2,  Quest;
3006696236087410;Meta;15/02/2025;https://scontent-fra5-1.oculuscdn.com/v/t64.7195-25/39031622_895929961370501_2598801121293578302_n.mp4?_nc_cat=110&ccb=1-7&_nc_sid=b20b63&_nc_ohc=l5wTmj-drbQQ7kNvgHbgOnq&_nc_oc=Adg205iTh2GCAuncfgMw94Iw2uXHWDCHaKGYhg_0SPbpovhGByYa3Up6QWZsXtwwxGhFZKuHQG-lisPe_NM8yyWM&_nc_zt=28&_nc_ht=scontent-fra5-1.oculuscdn.com&_nc_gid=AR5leCdDeshIsUTYKZb-C4t&oh=00_AYBRjKgnEd3RZqSqPI3UK8YM2EQ0S8KM6VWLOM_XSPelzQ&oe=67B699CA;https://scontent-fra5-1.oculuscdn.com/v/t64.5771-25/39031591_5477013212354935_983470972258804766_n.jpg?stp=dst-jpg_q92_s1440x1440_tt6&_nc_cat=102&ccb=1-7&_nc_sid=b20b63&_nc_ohc=D0Hed1PT3OoQ7kNvgGgvGnq&_nc_oc=AdjvzdiA-kjrH8jQ1KzpaskZ63sJRHoTJz0Y52ZOWH4AkqgZ_-CIXHUhSkHbbZ7HxWiPhcHoeDm48jxNNDela301&_nc_zt=3&_nc_ht=scontent-fra5-1.oculuscdn.com&oh=00_AYBjeU0raoXXwl8h1Xk5A6rcCvWAny3TpcaKm9RIEJH2eg&oe=67B68806;Space Explorers;0;0;Ja;Englisch;Download;Diese Anwendung weist aktuell technische Probleme auf, wodurch einige Funktionen beeinträchtigt sind. Das Entwicklerteam arbeitet an einer Lösung, während alternative Inhalte über Meta Quest TV verfügbar sind.;Technische Probleme, Unterbrechung, Support, Felix and Paul Studios;Kunst;GS;;;;;;Immersion und Interaktion;Sitzend, Stehend, Freiraum-Modus;Angenehm;Keine;;;;;https://www.meta.com/de-de/experiences/3006696236087408/;https://www.felixandpaul.com/;90,64 MB;Einzelspieler; Quest 3S,  Quest 3,  Quest Pro,  Quest 2,  Quest;
3323166227771390;Meta;15/02/2025;https://scontent-fra5-2.oculuscdn.com/v/t64.7195-25/10000000_189960296422726_78050632258963276_n.mp4?_nc_cat=1&ccb=1-7&_nc_sid=b20b63&_nc_ohc=P58-5ugBdqcQ7kNvgH2TX4-&_nc_oc=Adi0oRjQqvltx-Y2wdt3EsgRYFEQLjgEpr7gAnyUvCcsRWEERPX596z7qU7X3nTQt35xXrgX_y1LKhad44-qsqcK&_nc_zt=28&_nc_ht=scontent-fra5-2.oculuscdn.com&_nc_gid=A564RJWIMLz4ft76AbSlHk-&oh=00_AYBbEJizP_RAlX0jMm1FI0OMZ79pomqi2Id4xnm0-oX7Cg&oe=67B6A7C2;https://scontent-fra3-2.oculuscdn.com/v/t64.5771-25/43997714_119308260254284_2231003202249099528_n.jpg?stp=dst-jpg_q92_s1440x1440_tt6&_nc_cat=111&ccb=1-7&_nc_sid=6e7a0a&_nc_ohc=UG0YOMsQ8DQQ7kNvgEs0n2_&_nc_oc=AdhK3CijlWyOcHK0_YGGZ4q3WjjbktVZsYEzKw5m8VGk4JNe3LnXwBDVT4BY0RLZ2DYcoMYKMHXfCETYutRUKmPG&_nc_zt=3&_nc_ht=scontent-fra3-2.oculuscdn.com&oh=00_AYCMUufn5cG-o7M_q2SdSekWwbCUSeubLuKcvRAuMxm5rw&oe=67B6BB8B;INVASION! Anniversary Edition;6;0;Nein;Englisch;Offline;Ein preisgekrönter, familienfreundlicher VR-Kurzfilm, in dem zwei tollpatschige Außerirdische ihren Angriff auf die Erde starten, jedoch von überraschend charmanten Widerständen aufgehalten werden. Das remasterte Erlebnis für Oculus Quest besticht durch humorvolle Anspielungen und neue Bonusinhalte mit Handtracking.;Aliens, Kaninchen, Kurzfilm, Comedy, Invasion, Remaster, Handtracking;Filmbildung;GS, OS;;;;;;Filmbildung;Sitzend, Stehend, Freiraum-Modus;Angenehm;Keine;;;;;https://www.meta.com/de-de/experiences/3323166227771391/;https://www.baobabstudios.com/;437,88 MB;Einzelspieler; Quest 3S,  Quest 3,  Quest Pro,  Quest 2,  Quest;
3432432656819710;Meta;15/02/2025;https://scontent-fra3-1.oculuscdn.com/v/t64.7195-25/39036649_2725082961002457_525695088197427608_n.mp4?_nc_cat=105&ccb=1-7&_nc_sid=b20b63&_nc_ohc=PYdZ1kH2UUsQ7kNvgGIoFeY&_nc_oc=AdgJhqG6Gw3fomvIGbNWPSqzvMe6RznqoI-rY4d9dgBeyMzYZnebSqyS4IeDRLVWN_eKu-29g_6d6BAQRbW4J-0x&_nc_zt=28&_nc_ht=scontent-fra3-1.oculuscdn.com&_nc_gid=Al34UZhKIgw2LiT7pdCQ1_W&oh=00_AYC_R3In425C2LV9ERTCUCDK9vxBKu3IOz-SQ7eaw8eiTA&oe=67B93CE7;https://scontent-fra3-1.oculuscdn.com/v/t64.5771-25/39035305_617316792580602_7788747152278590351_n.jpg?stp=dst-jpg_q92_s1440x1440_tt6&_nc_cat=108&ccb=1-7&_nc_sid=6e7a0a&_nc_ohc=KZy9R12lCE4Q7kNvgEdXttv&_nc_oc=Adjjz2rdJLnICLhAyfrC39R5aGMxFHvmvFIsaVXy3BNt-0i1IwaVidCGwhXcyj-PC80mOBtwgXH2wtR8xpVM8tbz&_nc_zt=3&_nc_ht=scontent-fra3-1.oculuscdn.com&oh=00_AYDiHvI9Bbu6bzBG7ENUz0vZuNpvn_7uwoTcqznKH-2atA&oe=67B92655;Goliath: Playing with Reality;6;4,99;Nein;Englisch;Offline;Ein VR-Erlebnis, das durch beeindruckende Animationen die Grenzen der Realität und die Geschichte eines isolierten Mannes, der in Multiplayer-Spielen Verbindung findet, erkundet. Symbolische Interaktionen und emotionale Dialoge verweben verschiedene Welten zu einer berührenden Erzählung.;Realitätsgrenzen, Schizophrenie, Gaming, Mehrfachwelten, Symbolik, Emotion;Filmbildung;GS, OS;;;;;;Filmbildung;Sitzend, Stehend, Freiraum-Modus;Angenehm;Keine;;;;;https://www.meta.com/de-de/experiences/3432432656819712/;https://goliathvr.io/;889,54 MB;Einzelspieler; Quest 3S,  Quest 3,  Quest Pro,  Quest 2,  Quest;
3457685900909920;Meta;15/02/2025;https://scontent-fra5-2.oculuscdn.com/v/t64.7195-25/38974677_1308765592659202_1482868537327353856_n.mp4?_nc_cat=107&ccb=1-7&_nc_sid=b20a63&_nc_ohc=2Lv8Iu-_HXQQ7kNvgHiyYNB&_nc_oc=Adhw1SfdCZgG_vUzBuvDOtlSNSisVGyc5jTHTcSaZXjwJZvc-iEVtnYVL9xEQk2dKn_4ikiKlxDeESwovraQ09LH&_nc_zt=28&_nc_ht=scontent-fra5-2.oculuscdn.com&_nc_gid=A51HrD4AhWgH8Mf7BJswMGB&oh=00_AYBIubwB-F5kkgV5Li-jbPiiou-xLZay4PoN7HzpDxsEUQ&oe=67B699C8;https://scontent-fra3-1.oculuscdn.com/v/t64.5771-25/39031382_587479521991208_4763089083104755712_n.jpg?stp=dst-jpg_q92_s1440x1440_tt6&_nc_cat=108&ccb=1-7&_nc_sid=b20a63&_nc_ohc=xvSYM34YSF4Q7kNvgHoOX4p&_nc_oc=Adhe4fo9-dioUPxB1eBSZjQNLgYKsFhhFpHysFFsSQpay4l5tRQYryRfTNFvabfUQ32ayXsSC5byFxX5hyLyHKka&_nc_zt=3&_nc_ht=scontent-fra3-1.oculuscdn.com&oh=00_AYAnRPiqJJkIoogPJ1Zkkl2kxvO5_QAP5UQWQA-da9ji_g&oe=67B69476;The Key;6;1,99;Nein;Englisch;Offline;Ein interaktives, theatralisches VR-Erlebnis, das dich auf eine traumhafte Reise voller Rätsel und schwieriger Entscheidungen führt, während du versuchst, das Geheimnis mysteriöser Erinnerungen zu lüften. Magischer Realismus und eindrucksvolle visuelle Elemente verleihen der Geschichte ihren fesselnden Charakter.;Magischer Realismus, Schlüssel, Erinnerung, Traum, Interaktiv, Theatralisch;Filmbildung;GS, OS;;;;;;Filmbildung;Stehend, Freiraum-Modus;Angenehm;Keine;;;;;https://www.meta.com/de-de/experiences/3457685900909916/;http://www.luciddreamsprod.com/;1,93 GB;Einzelspieler; Quest 3S,  Quest 3,  Quest Pro,  Quest 2,  Quest;
3600360710032220;Meta;15/02/2025;;https://scontent-fra3-1.oculuscdn.com/v/t64.5771-25/39035413_383988064423575_4550721359290668738_n.jpg?stp=dst-jpg_q92_s2048x2048_tt6&_nc_cat=108&ccb=1-7&_nc_sid=6e7a0a&_nc_ohc=wSwDOscYRYgQ7kNvgGVc24C&_nc_oc=AdgMTzTuDgR0ngf2cWpWCKbaVrLzcAc6t_N_FfDdry6IubNOFY6N2i0xIysK3Q6cmRUZhf3kKJbIMxXr6E68b6r8&_nc_zt=3&_nc_ht=scontent-fra3-1.oculuscdn.com&oh=00_AYCbrwV_GokX66P6pAlLFSER8yciIamQ4MYmt8cY2BkORA&oe=67B6B5A1;Open Brush - 3D Painting;0;0;Ja;Deutsch, Chinesisch (China), Englisch, Französisch (Frankreich), Japanisch, Koreanisch, Spanisch (Spanien);Download;Mit dieser Anwendung kannst du in einem dreidimensionalen Raum malen und deiner Kreativität freien Lauf lassen. Die Vielzahl an Pinseltypen und Umgebungen ermöglicht es dir, innovative Kunstwerke im virtuellen Raum zu erschaffen.;3D-Malerei, Kreativität, XR, Pinsel, Kunst, Virtual Reality;Kunst;Sek1, Sek2;;;;;;Kreativität;Sitzend, Stehend, Freiraum-Modus;Angenehm;Keine;;;;;https://www.meta.com/de-de/experiences/3600360710032222/;https://openbrush.app/;632,57 MB;Einzelspieler; Quest 3S,  Quest 3,  Quest Pro,  Quest 2,  Quest;
3630788480370850;Meta;15/02/2025;https://scontent-fra5-2.oculuscdn.com/v/t64.7195-25/10000000_3705966402856263_3108273818238983580_n.mp4?_nc_cat=107&ccb=1-7&_nc_sid=b20b63&_nc_ohc=W3fvHCXsQLsQ7kNvgEB02yh&_nc_oc=Adjr9k4rVDicEPc4_E57B2DWCBEf0DqHepXEwdlKC6W0KQdYyn2eBah93-U_-TDWksqCAw12WBIvS3vSbKcEbr8H&_nc_zt=28&_nc_ht=scontent-fra5-2.oculuscdn.com&_nc_gid=ANh9uLGa7GocNMERZ7pNNRh&oh=00_AYCsQMoNAfYkwNeaXrGeswMw0GBb0ENAnH8YsZyiXRJsSg&oe=67B69124;https://scontent-fra5-2.oculuscdn.com/v/t64.5771-25/38974450_119529103390261_6442531701747240349_n.jpg?stp=dst-jpg_q92_s1440x1440_tt6&_nc_cat=107&ccb=1-7&_nc_sid=6e7a0a&_nc_ohc=3u2nDhEHpNMQ7kNvgHwZ393&_nc_oc=Adi8zw64o2t6PrutWLNHjTWFs7HGoLgNJTo_A623EBW7_patm1zJAY9TXhmO340Uvz8aRcJTAqUQDhcUJC1RDE32&_nc_zt=3&_nc_ht=scontent-fra5-2.oculuscdn.com&oh=00_AYCzrkjIPcaamX1CAIb2CBxrljODrT2ahinzynuS0bd_bg&oe=67B69124;POLLINATOR PARK;0;0;Nein;Englisch;Offline;Diese VR-Anwendung versetzt dich ins Europa des Jahres 2050, wo Umweltkrisen eine düstere Landschaft prägen und ein virtueller Park als Hoffnungsschimmer für Bestäuber dient. Du erlebst interaktive Elemente, die zum Schutz der Natur anregen und einen Einblick in eine mögliche ökofuturistische Zukunft bieten.;Umweltschutz, Bestäuber, Zukunft, Dystopie, interaktiv, ökofuturistisch;Biologie;GS, OS;;;;;;Virtuelle Lernorte;Stehend;Nicht bewertet;Keine;;;;;https://www.meta.com/de-de/experiences/3630788480370853/;http://www.pollinatorpark.eu/;778,66 MB;Einzelspieler; Quest,  Quest 3S,  Quest 3,  Quest Pro,  Quest 2;
3662196457238340;Meta;15/02/2025;https://scontent-fra5-2.oculuscdn.com/v/t64.7195-25/10000000_2723180511323911_8337194133395014807_n.mp4?_nc_cat=109&ccb=1-7&_nc_sid=b20b63&_nc_ohc=LPDahrDaa6wQ7kNvgERmQjY&_nc_oc=Adiawtkem6F9w5pIrxK3lu0KC3s74Sf7uYmT2yJrF9spqpJx_G3V5Xaa3G6wBM5b5KyOCBIRRzPajaIHoB3H5Tg9&_nc_zt=28&_nc_ht=scontent-fra5-2.oculuscdn.com&_nc_gid=A8i1n0igjAwip3CRWBR6mjx&oh=00_AYDo1FV24U3l7voLaaJJ2A4Pe0zoDKUMxmr3xbFy1w-inA&oe=67B6AEAD;https://scontent-fra3-2.oculuscdn.com/v/t64.5771-25/39031608_1207351800276115_6046876658997565618_n.jpg?stp=dst-jpg_q92_s1440x1440_tt6&_nc_cat=111&ccb=1-7&_nc_sid=6e7a0a&_nc_ohc=CfajWhKJROcQ7kNvgFrWgoj&_nc_oc=AdiZEMab-qvL_LNkSAQ1GuPFrNtxHUQpBOJAJ7mPGYSFEetZzJ-59hHAAE-QFg8wXNXeA5RXvQ0GyKLvdhyq0SLq&_nc_zt=3&_nc_ht=scontent-fra3-2.oculuscdn.com&oh=00_AYB1Cg_rtTJqxJ5I3IJL6GfIU5GCymiTzbd9BLMTxDswGg&oe=67B6832F;Human Anatomy VR for Institutions;0;0;Ja;Deutsch, Chinesisch (China), Englisch, Finnisch, Französisch (Frankreich), Italienisch, Japanisch, Koreanisch, Niederländisch, Polnisch, Portugiesisch (Brasilien), Russisch, Slowakisch, Spanisch (Spanien), Tschechisch, Ukrainisch;Download;Diese VR-Anwendung bietet eine detaillierte anatomische Darstellung, die von führenden Institutionen und Fachleuten genutzt wird. Mit einem aktiven Abonnement erhältst du Zugriff auf umfangreiche Funktionen, die deine institutionelle Lehre bereichern.;Anatomie, VR, Medizin, Bildung, Institution, Detailgenau, Subscription;Biologie;Sek2;;;;;;Lernanwendung;Freiraum-Modus, Stehend, Sitzend;Angenehm;Keine;;;;;https://www.meta.com/de-de/experiences/3662196457238336/;https://medicinevirtual.com/;1,95 GB;Einzelspieler, Mehrspieler; Quest,  Quest 3S,  Quest 3,  Quest Pro,  Quest 2;
3726132664124870;Meta;15/02/2025;https://scontent-fra5-2.oculuscdn.com/v/t64.7195-25/38974738_1253082088396550_6085424864754444517_n.mp4?_nc_cat=107&ccb=1-7&_nc_sid=b20b63&_nc_ohc=pG-i4A5Qbl8Q7kNvgEKpS4B&_nc_oc=AdjuMkuyhTsO0YjDaxOyfa_gdgoxOT6unnOhYWqZaCMWFg6OpAo3w70wZka079xSfAR501K1ACXd07j2_L2yp2qy&_nc_zt=28&_nc_ht=scontent-fra5-2.oculuscdn.com&_nc_gid=AxhNvBsyWegusBUQPuvwQpq&oh=00_AYAIpFsdTidpZhbnlhz1UHSCbsIxY6zYdo2e25FjV2kGUQ&oe=67B69A7A;https://scontent-fra5-2.oculuscdn.com/v/t64.5771-25/39031436_968340180260021_3873355918980085096_n.jpg?stp=dst-jpg_q92_s1440x1440_tt6&_nc_cat=109&ccb=1-7&_nc_sid=b20b63&_nc_ohc=Dhn8sJpDENEQ7kNvgEKnBvA&_nc_oc=AdjPBru1ceVatOdpNgMfOZHV_-mnBAFuUvBD53XrJWgpPwpYd4TUatEcm0yyo-KjTFOhG7rQlbLkzRrkx9YmqUHb&_nc_zt=3&_nc_ht=scontent-fra5-2.oculuscdn.com&oh=00_AYDlpfV3XVXtehhCcK2WLc1sr8Px5YilWYu4qRkZOORamg&oe=67B692F7;The Book of Distance;0;3,99;Nein;Englisch, Englisch (Australien), Englisch (Kanada), Englisch (Südafrika), Englisch (UK), Englisch (US), Französisch (Belgien), Französisch (Frankreich), Französisch (Kanada), Japanisch, Koreanisch;Offline;Diese interaktive VR-Reise führt dich durch eine bewegende Familiengeschichte, in der Krieg, Rassismus und Migration das Schicksal mehrerer Generationen prägen. Mit handgefertigten 2D- und 3D-Elementen, inspiriert von japanischen Holzschnitten, verbindet das Erlebnis filmische und szenische Techniken zu einem emotionalen und magischen Erzählraum.;Immigration, Familie, Geschichte, Emotion, Theater, Interaktivität, Erinnerung, Kultur;Geschichte;Sek1, Sek2;;;;;;Filmbildung;Stehend, Freiraum-Modus;Angenehm;Keine;;;;;https://www.meta.com/de-de/experiences/3726132664124874/;http://www.nfb.ca/thebookofdistance;5,73 GB;Einzelspieler;Rift S, Rift;
3789736921099230;Meta;15/02/2025;https://scontent-fra3-1.oculuscdn.com/v/t64.7195-25/38982446_454856662157430_5613641375357473627_n.mp4?_nc_cat=103&ccb=1-7&_nc_sid=b20b63&_nc_ohc=6T_IcpVNNrIQ7kNvgHL3ad8&_nc_oc=Adh6IlWeQknFco1PE0dO99K3Kb_l4pymNPYnaTG59WRB772knspv1S2xAT-6kdRHIHLPGCnqlXI3imJTRR5DEf44&_nc_zt=28&_nc_ht=scontent-fra3-1.oculuscdn.com&_nc_gid=As1AaxRhSZ0nRDOdP4oHvDB&oh=00_AYCQecNRiK304Ol8kA79n6bC_V63IxCfUUQYIpDXfkR3Gg&oe=67B68B2A;https://scontent-fra5-1.oculuscdn.com/v/t64.5771-25/86615256_1959311047535165_8251458617518063616_n.jpg?stp=dst-jpg_q92_s1440x1440_tt6&_nc_cat=110&ccb=1-7&_nc_sid=b20a0a&_nc_ohc=Jz_SabF2bYMQ7kNvgHSIzhH&_nc_oc=Adh6paJeQ-j5YGmxg33YviBHsLCn4h1YVJJi7CmXIDxuLpM8pNjWdNHyff4pT6yajR3m8BdLzetimKQLUkfytRji&_nc_zt=3&_nc_ht=scontent-fra5-1.oculuscdn.com&oh=00_AYCVyL-Y_gkdqVoQXU9pB_9fyF102N9EjCmwmg_j5VGSeA&oe=67B68599;SPHERES;0;9,99;Nein;Chinesisch (China), Englisch, Französisch (Frankreich), Japanisch, Koreanisch;Offline;Dieses immersive Erlebnis verbindet Kunst und Wissenschaft, indem es das Universum als eine verborgene Symphonie aus Klang und Licht präsentiert. Durch interaktive Elemente und fesselnde Erzählungen erkundest du, wie unser Sonnensystem zu einem musikalischen Instrument wird und überraschende Geheimnisse des Kosmos offenbart.;Kosmos, Musik, Wissenschaft, Interaktivität, Handtracking, Licht, Klang, Universum, Galaxie;Physik;GS;;;;;;Filmbildung;Stehend, Freiraum-Modus;Angenehm;Keine;;;;;https://www.meta.com/de-de/experiences/3789736921099233/;https://www.citylightsvr.com/;1,82 GB;Einzelspieler; Quest 3S,  Quest 3,  Quest Pro,  Quest 2,  Quest;
3793077684043440;Meta;15/02/2025;https://video-fra3-1.xx.fbcdn.net/o1/v/t2/f2/m69/AQP0db7vSr9F0JLpM8TKzFIDgX9TY0REUl5BFheSTw5zOxEraiYsm8fk03zjwJDXHb8o5aEFdRaQLX_qV8HZgSGM.mp4?strext=1&_nc_cat=103&_nc_sid=8bf8fe&_nc_ht=video-fra3-1.xx.fbcdn.net&_nc_ohc=RgLEq6GpuowQ7kNvgHb5DRA&efg=eyJ2ZW5jb2RlX3RhZyI6Inhwdl9wcm9ncmVzc2l2ZS5GQUNFQk9PSy4uQzMuNjQwLnN2ZV9zZCIsInhwdl9hc3NldF9pZCI6MTk3NDM3ODAwNjM5MjI3NSwidXJsZ2VuX3NvdXJjZSI6Ind3dyJ9&ccb=9-4&_nc_zt=28&oh=00_AYA1-X19F2zAsA5YLCzriF7swUoZZwz5rnJ_JkOSZOwMgg&oe=67B685D3;https://scontent-fra3-1.oculuscdn.com/v/t64.5771-25/38974678_659253667957742_4238629810546409472_n.jpg?stp=dst-jpg_q92_s1440x1440_tt6&_nc_cat=108&ccb=1-7&_nc_sid=6e7a0a&_nc_ohc=oAUTWzPxVwoQ7kNvgFCAsiS&_nc_oc=Adh_nyewzZir5zJJvmllfcINKC6IqBuFaO9Bhym9zoZa-YYQNoHbAgFCIns3vmJGfc4IM7aTFP5Ep6no94vajOOj&_nc_zt=3&_nc_ht=scontent-fra3-1.oculuscdn.com&oh=00_AYAeifvYJQ8ExF887w4t03oCef3Z4fz46j13Dx3vTAswtg&oe=67B69A08;Elixir;6;0;Nein;Deutsch, Englisch, Französisch (Kanada), Italienisch, Japanisch, Spanisch (Mexiko);Offline;Dieses humorvolle VR-Erlebnis fordert dich als angehenden Magierlehrling heraus, alltägliche Aufgaben im chaotischen Labor eines mystischen Teams zu übernehmen – von der Pflege geheimnisvoller Kreaturen bis hin zur Instandhaltung empfindlicher Apparaturen. Mit skurrilen Anforderungen und ironischem Unterton bietet die Erfahrung einen amüsanten Blick auf magische Arbeitswelten, ohne jegliche finanzielle Entlohnung.;Magie, Labor, Kreativität, Humor, ungewöhnliche Bewerbung, Fantasie, mysteriös;Kunst;GS;;;;;;Interaktive Geschichten;Freiraum-Modus, Stehend;Angenehm;Keine;;;;;https://www.meta.com/de-de/experiences/3793077684043441/;https://www.magnopus.com/projects/elixir;1,52 GB;Einzelspieler; Quest 3S,  Quest 3,  Quest Pro,  Quest 2,  Quest;
4190889024357620;Meta;15/02/2025;;https://scontent-fra3-1.oculuscdn.com/v/t64.5771-25/57566688_414778723289783_7716422217851910343_n.jpg?stp=dst-jpg_q92_s2048x2048_tt6&_nc_cat=108&ccb=1-7&_nc_sid=6e7a0a&_nc_ohc=hbmTgcpMWR8Q7kNvgFUDBPO&_nc_oc=Adh-uOKzdanamlHI2B7j5bqJDKXWIq9LV9nSVtU7sQWLRHYohiTghhA5XmSq53oqlq-cZe0yAGEqIgpE27EUdtzC&_nc_zt=3&_nc_ht=scontent-fra3-1.oculuscdn.com&oh=00_AYA5UjysxuyyYHKqBv8jHY5Zbd2a6a_S0vjCAsgMDppRtg&oe=67B68642;Honigbiene VR;0;0;Nein;Deutsch, Deutsch (Schweiz);Download;Tauche in dieses VR-Erlebnis ein, bei dem du eine weitläufige Blumenwiese erkundest und interaktive Elemente entdeckst, die zu neuen Schauplätzen führen. Über ein intuitives Menü erhältst du zusätzliche Informationen, die deine Entdeckungstour bereichern.;Blumenwiese, Erkundung, Natur, Info-Modus, Interaktion, Szenario;Biologie;Sek1;;;;;;Virtuelle Lernorte;Stehend;Angenehm;Keine;;;;;https://www.meta.com/de-de/experiences/4190889024357615/;http://honigbiene-vr.de/;152,71 MB;Einzelspieler; Quest,  Quest 3S,  Quest 3,  Quest Pro,  Quest 2;
4607372665981490;Meta;15/02/2025;;https://scontent-fra5-1.oculuscdn.com/v/t64.5771-25/38974677_1032145384269636_1801292690914487772_n.jpg?stp=dst-jpg_q92_s2048x2048_tt6&_nc_cat=102&ccb=1-7&_nc_sid=6e7a0a&_nc_ohc=VDtwMIjgHVsQ7kNvgGm2pcO&_nc_oc=AdgWA1GHylt67jXi70jLF72BRSxgcfCCGO059Zcto7ctAkEhMUdfzL5L266RlGtr8Frmk35Vr9r6tZVcW-DYJMyZ&_nc_zt=3&_nc_ht=scontent-fra5-1.oculuscdn.com&oh=00_AYACajtOUkOucDZycAVPrcwB1K5vP7EW9fEMJAG7U-Re2Q&oe=67B69DC0;Körperzelle VR;0;0;Nein;Deutsch, Deutsch (Schweiz);Offline;Erkunde in dieser VR-Anwendung das faszinierende Innere einer lebenden Zelle, in der du verschiedene Zellorganellen wie Zellkern, Mitochondrien und Golgi-Apparat im Detail entdeckst. Das interaktive Erlebnis vermittelt auf anschauliche Weise wissenschaftliche Zusammenhänge der Zellbiologie.;Zelle, Biologie, Zellkern, Mitochondrien, Virtuelle Reise, Anatomie;Biologie;Sek1, Sek2;;;;;;Virtuelle Lernorte;Sitzend, Stehend, Freiraum-Modus;Nicht bewertet;Keine;;;;;https://www.meta.com/de-de/experiences/4607372665981487/;https://www.planet-schule.de/x/zelle;333,1 MB;Einzelspieler; Quest,  Quest 3S,  Quest 3,  Quest Pro,  Quest 2;
4790561384367000;Meta;15/02/2025;https://scontent-fra5-1.oculuscdn.com/v/t64.7195-25/75269588_3313228925616567_3165640561470819166_n.mp4?_nc_cat=100&ccb=1-7&_nc_sid=b20b63&_nc_ohc=JsJbZyD3hqUQ7kNvgH5mizn&_nc_oc=Adhpt_-RQL6h9HEJpH4FGUeQLHOaktCuYtYz5Lasu3xF-EoFQeALDCdZjrjojH7TP6H6qQ6Y7sxZk31YWzr7FIjZ&_nc_zt=28&_nc_ht=scontent-fra5-1.oculuscdn.com&_nc_gid=A1oOD_YCEBynNL0FbuzqA28&oh=00_AYBq4HTRVB-q7asjJvwsKxEo80oy5Vk7ItiAJBSI1hpZEQ&oe=67B69024;https://scontent-fra5-2.oculuscdn.com/v/t64.5771-25/57569472_810225463407100_8685648584010984221_n.jpg?stp=dst-jpg_q92_s1440x1440_tt6&_nc_cat=109&ccb=1-7&_nc_sid=6e7a0a&_nc_ohc=qttJviqZTGAQ7kNvgFB4-2v&_nc_oc=Adh6NGXl1YmT2dOBoX2zteugCU6IZvNB1Pjrbj8eDW_kyGfdFvKaI3m-fzfSITDsw8HqwzQMm2clyXeAIGx3dE1S&_nc_zt=3&_nc_ht=scontent-fra5-2.oculuscdn.com&oh=00_AYC4kmkT6cxDxkX8m9vw4kPiQ69vsiG1dvk-vcS1i20csA&oe=67B69AC2;MLK: Now is the Time;0;0;Nein;Englisch;Offline;Diese immersive Erfahrung beleuchtet zentrale Themen sozialer Gerechtigkeit, die noch immer in unserer Gesellschaft präsent sind. Durch interaktive Erzählungen wirst du in eine moderne Interpretation eines historischen Marsches entführt, die zum Aktivismus inspiriert.;Martin Luther King, Bürgerrechte, Aktivismus, soziale Gerechtigkeit, Geschichte, Immersion;Geschichte;Sek1;;;;;;Interaktive Geschichten;Sitzend, Stehend, Freiraum-Modus;Angenehm;Keine;;;;;https://www.meta.com/de-de/experiences/4790561384366997/;http://time.com/nowisthetime/;1,03 GB;Einzelspieler; Quest 3S,  Quest 3,  Quest Pro,  Quest 2;
5209805329129460;Meta;15/02/2025;https://scontent-fra3-1.oculuscdn.com/v/t64.7195-25/75294244_2135269509986570_6688900917528994691_n.mp4?_nc_cat=108&ccb=1-7&_nc_sid=b20a63&_nc_ohc=vSevA5hzF5gQ7kNvgHmqPyh&_nc_oc=AdhD8kthUOEL3F9OlSTmo1ZU242zFoyPjqjxmF4uHohbzgqngyFCXOFLdgT3TQ-2NpvgCYiPafNSguS17Kg7JykU&_nc_zt=28&_nc_ht=scontent-fra3-1.oculuscdn.com&_nc_gid=A2XSE6d_JDRC9wnSlBH7QR2&oh=00_AYBlKmbgfZY3kQA05RxloVuJcW17wO76IVyOZFF5IjZqaQ&oe=67B68ECF;https://scontent-fra5-1.oculuscdn.com/v/t64.5771-25/75241701_1350644052134544_8910050582512001139_n.jpg?stp=dst-jpg_q92_s1440x1440_tt6&_nc_cat=110&ccb=1-7&_nc_sid=b20a63&_nc_ohc=7dNVrW7iEmQQ7kNvgGBq1mQ&_nc_oc=Adhrml6KbwmQ6E7TSW2NRf_kYk3l5ld732JYOH4TYqnr2s7l0Cbh74YRxmi825hhPq5IUbr_SexhjU5nEM-8N4Ai&_nc_zt=3&_nc_ht=scontent-fra5-1.oculuscdn.com&oh=00_AYAgT_eYhcZeYz63RlafBPSkICiLXNwktnCRepr5GgLbiQ&oe=67B6AC25;Missing Pictures: Lee Myung-Se;0;0;Nein;Deutsch, Chinesisch (Taiwan), Englisch, Französisch (Frankreich), Koreanisch;Offline;Ein VR-Dokumentarprojekt, in dem Lee Myung-Se die veränderte Rolle des Vaters in der koreanischen Kultur thematisiert und eine persönliche Familiengeschichte erzählt. Durch volumetrische Aufnahmen und Echtzeit-Animationen erhältst du einen eindringlichen Blick in unerzählte Filmprojekte.;Familie, Umzug, Vorstadt, Seoul, Vaterrolle, Dokureihe, Erinnerungen;Filmbildung;GS;;;;;;Filmbildung;Sitzend;Angenehm;Keine;;;;;https://www.meta.com/de-de/experiences/5209805329129463/;https://www.arte.tv/digitalproductions/en/missing-pictures/;2,47 GB;Einzelspieler; Quest 3S,  Quest 3,  Quest Pro,  Quest 2,  Quest;
5226483124071040;Meta;15/02/2025;https://scontent-fra3-1.oculuscdn.com/v/t64.7195-25/38974732_584532123435270_6820950712999318570_n.mp4?_nc_cat=108&ccb=1-7&_nc_sid=b20b63&_nc_ohc=wzgqMZx3JFsQ7kNvgEpfPhl&_nc_oc=Adi8wOa5eER7KFBOAh-doDbHJtwRGtZn0duqhNlM_bwPVDv-sW100LDLTJAPc5RtV1ecGnDcmYMZRx_7R-ZAVFGL&_nc_zt=28&_nc_ht=scontent-fra3-1.oculuscdn.com&_nc_gid=AtNIqrgecdkInv5z-bD_SrV&oh=00_AYC3RV39_lidnRNv-oH4aip96c73g2maAgnQ8D-tCKNVFg&oe=67B6A7B6;https://scontent-fra3-1.oculuscdn.com/v/t64.5771-25/38982469_1546373599213085_6387017872434507755_n.jpg?stp=dst-jpg_q92_s1440x1440_tt6&_nc_cat=101&ccb=1-7&_nc_sid=6e7a0a&_nc_ohc=suotKGWQghcQ7kNvgEEyWT_&_nc_oc=AdiQAzKyJ8A0FHlykDwvEuSg77DROeTegEJ0B4VeJvjR9o_1YP3nNx0p-UApror6OIfRWwKqTvbPTRgk2AF4SZFw&_nc_zt=3&_nc_ht=scontent-fra3-1.oculuscdn.com&oh=00_AYDa2anhPLRega9UIxrntCEgVY6xHZrHJDXBnA0W-_ZShA&oe=67B6A298;GodBlessed;0;0;Nein;Englisch;Download;Diese religiöse VR-Anwendung ermöglicht es dir, einen individuellen Bibel-Leseplan zu erstellen und spirituelle Erlebnisse in einer mittelalterlichen Kirchenumgebung zu genießen. Mit interaktiven Ritualen und meditativen Momenten bietet sie Trost, Stärke und Frieden.;Bibel, Plan, Christentum, Protestanten, Meditation, Service, Andacht, Religion;Religion;Sek1;;;;;;Lernanwendung;Sitzend, Stehend, Freiraum-Modus;Nicht bewertet;Keine;;;;;https://www.meta.com/de-de/experiences/5226483124071038/;http://gospelvr.com/home/;394,91 MB;Einzelspieler; Quest 3S,  Quest 3,  Quest Pro,  Quest 2,  Quest;
5334662579895130;Meta;15/02/2025;https://scontent-fra5-2.oculuscdn.com/v/t64.7195-25/10000000_1349109052229237_6714727558586986639_n.mp4?_nc_cat=107&ccb=1-7&_nc_sid=b20b63&_nc_ohc=j1PDqTGMtRQQ7kNvgFOPDGx&_nc_oc=AdiSgAcafugX-uwr7OhWOyL4HjSCJe3z-4eY366FkFQy8Asqn1pBo1gljEv4RnN9M4QAHlqzQ0fur5eFnH5sukaV&_nc_zt=28&_nc_ht=scontent-fra5-2.oculuscdn.com&_nc_gid=AZ6KJfkn42CDp1GiziMFpaN&oh=00_AYBIGWZn9fTfFXGBmQ4toAsV21ywIA4cu_OR7WJ_4yfc9g&oe=67B696F7;https://scontent-fra3-1.oculuscdn.com/v/t64.5771-25/39003241_1042552323271468_953517665640106190_n.jpg?stp=dst-jpg_q92_s1440x1440_tt6&_nc_cat=105&ccb=1-7&_nc_sid=6e7a0a&_nc_ohc=rgg3-X_yGPMQ7kNvgFOPDGx&_nc_oc=AdgFVuktn7_SIav28N7Tn0PEv8gABbsPmI_c7mwW3U5hPbhmKvxjDjObblHmmgfvcOxJB2IeMi5Jlmwls3BpMR4w&_nc_zt=3&_nc_ht=scontent-fra3-1.oculuscdn.com&oh=00_AYCVJWe_LdhgMxlPwb6SruX5Ypkh6GjGRXzbpEdpvBrrpw&oe=67B6B7E0;On The Morning You Wake (To the End of The World);6;0;Nein;Deutsch, Englisch, Französisch (Frankreich), Japanisch, Koreanisch, Norwegisch (Bokmål), Spanisch (Spanien);Offline;Diese VR-Erfahrung versetzt dich in den Moment eines nuklearen Fehlalarms in Hawai'i und zeigt die kollektive Angst einer Bevölkerung. Sie regt zum Nachdenken über Schutzmaßnahmen und die realen Folgen einer nuklearen Katastrophe an.;Atomkrieg, Bedrohung, Nuklear, Katastrophe, Angst, Interaktiv;Geschichte;Sek1;;;;;;Interaktive Geschichten;Stehend, Freiraum-Modus;Angenehm;Keine;;;;;https://www.meta.com/de-de/experiences/5334662579895130/;https://www.onthemorningyouwake.com/;7,74 GB;Einzelspieler; Quest,  Quest 3S,  Quest 3,  Quest Pro,  Quest 2;
5566073043488550;Meta;15/02/2025;https://scontent-fra3-1.oculuscdn.com/v/t64.7195-25/10000000_846110543557715_1754706518463884782_n.mp4?_nc_cat=105&ccb=1-7&_nc_sid=b20b63&_nc_ohc=zhNUINGPmD4Q7kNvgEVSrf8&_nc_oc=AdjX_q5Y67aPId1xSpe2dGgoOhkE4RiFbaoRBR9IJk5RKoDbcp7i172-kQc4D9brl3PQC_3zewL80pnddx_svlDA&_nc_zt=28&_nc_ht=scontent-fra3-1.oculuscdn.com&_nc_gid=Awg_npA0Tf-Gy6SeqTLH8yv&oh=00_AYA-pLhjYU467gXcFKZnFGF_MKaHU0TCABCZtKdMFCJBzA&oe=67B6A102;https://scontent-fra3-1.oculuscdn.com/v/t64.5771-25/75230040_1924926197881601_9017130872735089278_n.jpg?stp=dst-jpg_q92_s1440x1440_tt6&_nc_cat=108&ccb=1-7&_nc_sid=6e7a0a&_nc_ohc=61asDElFG_4Q7kNvgF6TIjA&_nc_oc=AdiHYIiNou-XsRgBmUUquNae9UPIOh66uHkXR3iIumx60-l6zS326DlG-gIl92M00dDeaWwxiJ3ABQ5glhYEjnL4&_nc_zt=3&_nc_ht=scontent-fra3-1.oculuscdn.com&oh=00_AYBY9sWjfJCbQ8pAxHF-SqPDkbTc6EYasDRzwARgMe83eA&oe=67B6B504;Nano;0;14,99;Nein;Englisch;Offline;Begib dich auf ein spannendes Abenteuer in einer mikroskopischen Welt, in der du als Trainee in einem geheimen Bioresearch-Programm einen Nanodrone steuerst, um Infektionen auf zellulärer Ebene zu bekämpfen. Das Spiel verbindet wissenschaftliche Fakten mit fesselndem Gameplay und fordert dich heraus, die lebendigen Systeme einer Zelle zu meistern.;Zellabenteuer, Virus, Biologie, Nanotechnologie, Immunsystem, Forschung, Wissenschaft;Biologie;Sek1, Sek2;;;;;;Lernanwendung;Sitzend, Stehend;Moderat;Keine;;;;;https://www.meta.com/de-de/experiences/5566073043488552/;https://www.lighthaus.us/nano;1,23 GB;Einzelspieler; Quest 3S,  Quest 3,  Quest Pro,  Quest 2;
5607867979269490;Meta;15/02/2025;https://scontent-fra5-2.oculuscdn.com/v/t64.7195-25/39031486_843820056635443_4577982937882918594_n.mp4?_nc_cat=106&ccb=1-7&_nc_sid=b20a63&_nc_ohc=CMpftFqnsqIQ7kNvgHJZHa2&_nc_oc=AdgsTpR4FmY1zeo-i9tPxTFxsbDi0tkqcpqsPttLD6-sEryMvzxH3FKzEQTgsoSrK7P_wj3krwMpS6fAvQXtSBpU&_nc_zt=28&_nc_ht=scontent-fra5-2.oculuscdn.com&_nc_gid=AuUW9O_3EkZrhglqVTEZstx&oh=00_AYDKsYuLP87OR82dOIXj5ZpgJXMSYJDG7LdqaZILK69rUA&oe=67B6BBBA;https://scontent-fra5-1.oculuscdn.com/v/t64.5771-25/75210389_5315980155191224_989157439532235532_n.jpg?stp=dst-jpg_q92_s1440x1440_tt6&_nc_cat=102&ccb=1-7&_nc_sid=b20a63&_nc_ohc=QXSXGZ9afZ8Q7kNvgFZi3Zd&_nc_oc=Adi8ULm3Hl2f-b2Yl4n4pTCPv9M1xBVoIFzD49vlz17RRGaZMhNHj4z9tLmyp8uKuMVfOe6u15NmZMB0apxGBpu9&_nc_zt=3&_nc_ht=scontent-fra5-1.oculuscdn.com&oh=00_AYCsmzsIEc9ylvOOhx0Q1nx8aQ3KstcMLloYGMVBuO6b0A&oe=67B69BF6;Missing Pictures: Tsai Ming-Liang;0;0;Nein;Deutsch, Chinesisch (Taiwan), Englisch, Französisch (Frankreich), Koreanisch;Offline;Ein VR-Erlebnis, in dem Tsai Ming-Liang seine lebendigen Kindheitserinnerungen und nostalgischen Filme in einer interaktiven Dokumentation verarbeitet. Volumetrische Aufnahmen und Echtzeit-Animationen ermöglichen eine persönliche Reise in das malaysische Kino der Vergangenheit.;Kindheit, Erinnerungen, Malaysia, Kino, Volumetrische Aufnahmen, VR-Dokureihe;Filmbildung;GS;;;;;;Filmbildung;Sitzend;Angenehm;Keine;;;;;https://www.meta.com/de-de/experiences/5607867979269490/;https://www.arte.tv/digitalproductions/en/missing-pictures/;2,03 GB;Einzelspieler; Quest 3S,  Quest 3,  Quest Pro,  Quest 2,  Quest;
5874548315898120;Meta;15/02/2025;https://scontent-fra5-1.oculuscdn.com/v/t64.7195-25/75334061_485019573524160_6339571214634156746_n.mp4?_nc_cat=110&ccb=1-7&_nc_sid=b20a63&_nc_ohc=Ew6M2hl1gx0Q7kNvgFlzIxD&_nc_oc=Adi-0APris5t0z8ZBVLp2jBWy0Y74BVArfmMS01xo3L6QVs97msr8oAENdHvgpQTLrP-KSbagrx0qo0CfH0TV3K_&_nc_zt=28&_nc_ht=scontent-fra5-1.oculuscdn.com&_nc_gid=AF-UQfzPou4fKVfmN29BnPQ&oh=00_AYAA2XGTE1y_uZtmnqbT_DUQjfqYoknBlZDRTH9C_Fn16g&oe=67B69A6D;https://scontent-fra3-1.oculuscdn.com/v/t64.5771-25/75505859_3346073318940670_3827889278970004743_n.jpg?stp=dst-jpg_q92_s1440x1440_tt6&_nc_cat=103&ccb=1-7&_nc_sid=b20a63&_nc_ohc=of-4auzuy9AQ7kNvgH4kpEG&_nc_oc=Adgp9wSUffGTG0IkfHDR76zfGV4ITrSj4yQ9qqA3cmn2VQvH7Ml4-rZJHthKvI7qIlEuTYgNzbQHJvNZ8M-DWLHY&_nc_zt=3&_nc_ht=scontent-fra3-1.oculuscdn.com&oh=00_AYBMIjzdg4E4D31mOeZHYQyiatM1E0mH4-KFQbWzg-GnDQ&oe=67B68C0B;Missing Pictures: Naomi Kawase;0;0;Nein;Deutsch, Chinesisch (Taiwan), Englisch, Französisch (Frankreich), Japanisch, Koreanisch;Offline;Eine VR-Dokureihe, in der Naomi Kawase den Inhalt eines unvollendeten Films präsentiert, der von einer romantischen jungen Frau und ihren unkonventionellen Träumen erzählt. Künstlerische volumetrische Aufnahmen und Echtzeit-Animationen schaffen eine eindrucksvolle, experimentelle Erzählung.;Dokureihe, unvollendeter Film, Komödie, Aya, romantisch, unvollendet, Missing Pictures;Filmbildung;GS;;;;;;Filmbildung;Sitzend;Nicht bewertet;Keine;;;;;https://www.meta.com/de-de/experiences/5874548315898118/;https://www.arte.tv/digitalproductions/en/missing-pictures/;2,92 GB;Einzelspieler; Quest 3S,  Quest 3,  Quest Pro,  Quest 2,  Quest;
5879281975416680;Meta;15/02/2025;;https://scontent-fra5-1.oculuscdn.com/v/t64.5771-25/38974539_1293149248353283_8841282225749492191_n.jpg?stp=dst-jpg_q92_s2048x2048_tt6&_nc_cat=110&ccb=1-7&_nc_sid=6e7a0a&_nc_ohc=kroWp5bJchQQ7kNvgHkPT0f&_nc_oc=AdgeFHUoSSQEJEGWi9zoiZZdhJS7OjbkB7ekDrcfbL9MrT2jB_UwQ6A7Ltu0UD6H9UyhZwrR--A3kzZQkcRy9Qcw&_nc_zt=3&_nc_ht=scontent-fra5-1.oculuscdn.com&oh=00_AYAW7EX4mVfFlJbZ-_TfwXKyTwSv9pXJSajhHcksuaRlyQ&oe=67B6A0C1;Notre-Dame de Paris: Journey Back In Time;0;0;Nein;N/A;N/A;Diese virtuelle Zeitreise führt dich ins Paris des späten 18. Jahrhunderts, in dem eine akribisch rekonstruierte Kathedrale mit unterschiedlichen Perspektiven zum Staunen einlädt. Begleitet von der beeindruckenden Musik eines Bach-Fantasia auf der berühmten Orgel, erhältst du einen faszinierenden Einblick in Geschichte und Architektur.;Historisch, Kathedrale, Französische Revolution, 3D-Rekonstruktion, Kultur, Architektur, Musik, Organ, UNESCO, Ausstellung;Geschichte;GS;;;;;;Virtuelle Lernorte;;N/A;Keine;;;;;https://www.meta.com/de-de/experiences/5879281975416682/;N/A;N/A;Einzelspieler; Quest 3S,  Quest 3,  Quest Pro,  Quest 2;
6074227932599910;Meta;15/02/2025;https://video-fra5-2.xx.fbcdn.net/o1/v/t64.7195-25/75294244_2135269509986570_6688900917528994691_n.mp4?strext=1&_nc_cat=108&ccb=1-7&_nc_sid=b20a63&_nc_ohc=6S_Ob1z2qhIQ7kNvgGEDETB&efg=eyJ2ZW5jb2RlX3RhZyI6Inhwdl9wcm9ncmVzc2l2ZS5GQUNFQk9PSy4uQzMuNjQwLnN2ZV9zZCIsInhwdl9hc3NldF9pZCI6NTc1OTY5NDU4NTE0NDI3LCJ1cmxnZW5fc291cmNlIjoid3d3In0%3D&ccb=9-4&_nc_zt=28&oh=00_AYBb2WjTLyRdqNXxnx-nMsn_qN-2AGMV_850gsEZYSiypw&oe=67B6BDFB;https://scontent-fra5-1.oculuscdn.com/v/t64.5771-25/38974891_1037727121043421_7442188173934399067_n.jpg?stp=dst-jpg_q92_s1440x1440_tt6&_nc_cat=110&ccb=1-7&_nc_sid=6e7a0a&_nc_ohc=XFiuvn45sY8Q7kNvgGhfJYB&_nc_oc=AdiKIUcrNUKE5E66uvhBmHTwC4Z3e_Yc262gFkQCbGSOfDZZX8DYIPzqwzro1mdjAHEyKY3aFXlOyHAOj2_OTLjo&_nc_zt=3&_nc_ht=scontent-fra5-1.oculuscdn.com&oh=00_AYCsLp8Spo_pHKp5zLDDnRlBigvq2vuO2cxBVZg7CKaLNA&oe=67B68B85;The House of Da Vinci VR;6;24,99 €;Nein;Deutsch, Chinesisch (China), Englisch, Französisch (Frankreich), Italienisch, Japanisch, Polnisch, Portugiesisch (Brasilien), Slowakisch, Spanisch (Spanien), Tschechisch, Türkisch;Offline;Dieses fesselnde VR-Rätselabenteuer entführt dich in das Florenz des 16. Jahrhunderts, wo du durch das Lösen komplexer Rätsel und das Bedienen historischer Apparaturen Leonardos Spuren folgst. Dabei werden deine Fähigkeiten auf die Probe gestellt, während du verborgene Geheimnisse der Renaissance entdeckst.;Rätsel, Da Vinci, Renaissance, Florenz, Geschichte, Erkundung, Escape Room, Interaktiv;Geschichte;Sek1, Sek2;;;;;;Interaktive Geschichten;Sitzend, Stehend, Freiraum-Modus;Angenehm;Keine;;;;;https://www.meta.com/de-de/experiences/6074227932599910/;https://www.bluebraingames.com/;4,52 GB;Einzelspieler; Quest 3S,  Quest 3,  Quest Pro,  Quest 2;
6392501587470500;Meta;15/02/2025;https://scontent-fra3-1.oculuscdn.com/v/t64.7195-25/473393132_1160012112420710_4625241728837411073_n.mp4?_nc_cat=101&ccb=1-7&_nc_sid=b20a63&_nc_ohc=FbEiDM2eEU4Q7kNvgHpxhp_&_nc_oc=Adi88Fs9CPL7j1-LI6UHQ_k6pTdK17rXcmG77LUf_zwSpNhNlee3mlWZhhi7PjdFKPPsHxLfIvTTB45x3C-iY4ru&_nc_zt=28&_nc_ht=scontent-fra3-1.oculuscdn.com&_nc_gid=AoAPJZZXwPG_o--EXPJOawJ&oh=00_AYBCMxbhU81fOjxSOccBKfvyrtwuMvk0DZanqtJCcKXa5w&oe=67B6B77C;https://scontent-fra3-2.oculuscdn.com/v/t64.5771-25/75556803_1246226706695825_9114371224251083744_n.jpg?stp=dst-jpg_q92_s1440x1440_tt6&_nc_cat=111&ccb=1-7&_nc_sid=6e7a0a&_nc_ohc=fAaH2EP3x8wQ7kNvgEoguq-&_nc_oc=AdhVpZbQnpDcM-hKv5tE2eWw6BMwn2baR4rkHBPpAbayHWMXzCxK5xFQpZ36Szl_sV7PbhEJe6cO59Avr8nuuk-a&_nc_zt=3&_nc_ht=scontent-fra3-2.oculuscdn.com&oh=00_AYC2wD-PTGlyENcO_rZOT9koJlulyHpmxO5jsn3cdnEZnw&oe=67B69FA3;Fly;12;9,99;Ja;Englisch;Offline;Ein immersives VR-Erlebnis, das dir mithilfe von Google 3D Maps eine spektakuläre Vogelperspektive auf unseren Planeten eröffnet. Dynamische Zeit- und Raumeinstellungen erlauben es dir, die Wunder der Welt aus neuen Blickwinkeln zu entdecken.;3D-Karten, Google Street View, Erkundung, Flug, Weltreise, interaktiv, dynamisch;Geografie;Sek1, Sek2;;;;;;Virtuelle Lernorte;Sitzend, Stehend, Freiraum-Modus;Angenehm;Keine;;;;;https://www.meta.com/de-de/experiences/6392501587470497/;https://virzoom.com/;661,57 MB;Einzelspieler; Quest 3S,  Quest 3,  Quest Pro,  Quest 2;
6419970498017900;Meta;15/02/2025;https://scontent-fra3-2.oculuscdn.com/v/t64.7195-25/38974593_920996652404949_2663803542511001179_n.mp4?_nc_cat=111&ccb=1-7&_nc_sid=b20b63&_nc_ohc=F_3kxec2f5sQ7kNvgFfbf7V&_nc_oc=AdgpAf5CdaGDh_8uaS5lpYNlQ2cuj81BZ3xlzjBl1uvMfUWE6WFSa2VjbRZZfwkhhY6RbLxqnGv0a9Bgp8_FsgLu&_nc_zt=28&_nc_ht=scontent-fra3-2.oculuscdn.com&_nc_gid=Aln4VZkqsyFx9HryDCETHyM&oh=00_AYDe53UCORk3y8vOGSy5sPjggye5RPteOjnnpICNlUx67w&oe=67B6BB3F;https://scontent-fra5-1.oculuscdn.com/v/t64.5771-25/38974795_1194487867850314_3013817610756813811_n.jpg?stp=dst-jpg_q92_s1440x1440_tt6&_nc_cat=102&ccb=1-7&_nc_sid=b20a63&_nc_ohc=6b9BbYZKVBoQ7kNvgEhPR6A&_nc_oc=AdgaNs0B3ywgNF-vSe_6ibCZsU2vKKdJiE-L2aR1sGN_VASPsgGiWkB7ZvvMtm97vO8bGo3nuPOKIhzhu63xsHpS&_nc_zt=3&_nc_ht=scontent-fra5-1.oculuscdn.com&oh=00_AYB7By-ZijRHsbmSRRBq5alvLOgDWxCK1UC-TMtr5vYIBA&oe=67B6AE01;Fight Back;12;0;Nein;Englisch, Französisch (Frankreich), Spanisch (Spanien);Offline;Dieses interaktive VR-Erlebnis fordert dich heraus, in einem epischen Kampf gegen Dunkelheit und Schatten deine mentalen und physischen Fähigkeiten zu trainieren. Mithilfe von Handtracking und Superkräften des Lichts erlebst du ein spannendes Abenteuer, das dich in einen Wettstreit der Stärke und Geschicklichkeit führt.;Interaktiv, Kampf, Licht, Superkräfte, Wettbewerb, Schatten, Training, Geschicklichkeit;Geschichte;Sek1;;;;;;Interaktive Geschichten;Stehend, Freiraum-Modus;Nicht bewertet;Keine;;;;;https://www.meta.com/de-de/experiences/6419970498017902/;http://www.fightbackvr.com/;1,82 GB;Einzelspieler; Quest,  Quest 3S,  Quest 3,  Quest Pro,  Quest 2;
6468391126573980;Meta;15/02/2025;https://video-fra3-1.xx.fbcdn.net/o1/v/t2/f2/m69/AQME8PxmHROSvAfr9YnXSKrnFVYT_geuehdNlLj7q6IQYhAzVSomc8VpTnqtX7LTEgG1w-tVaH_ZYL2VHr7-Vqtk.mp4?strext=1&_nc_cat=108&_nc_sid=8bf8fe&_nc_ht=video-fra3-1.xx.fbcdn.net&_nc_ohc=a3EHIlQwi-kQ7kNvgEg9vcE&efg=eyJ2ZW5jb2RlX3RhZyI6Inhwdl9wcm9ncmVzc2l2ZS5GQUNFQk9PSy4uQzMuNjQwLnN2ZV9zZCIsInhwdl9hc3NldF9pZCI6MTQ1ODA5MjM3NDg2NTU4NCwidXJsZ2VuX3NvdXJjZSI6Ind3dyJ9&ccb=9-4&_nc_zt=28&oh=00_AYBR-cA9U2S0SozDsFTIn7lmXXZlD1N7jp5D_uff7j_hJA&oe=67B6A34A;https://scontent-fra5-1.oculuscdn.com/v/t64.5771-25/39031588_2601465386690684_5906566441923041450_n.jpg?stp=dst-jpg_q92_s1440x1440_tt6&_nc_cat=102&ccb=1-7&_nc_sid=6e7a0a&_nc_ohc=noWVb3QH0z0Q7kNvgFgjh_d&_nc_oc=Adj_BO_yd2NBRp-06fyloEnwpNvvRYTAWBy3mEnJnQPKoQt_C2TCVlua-mE0rjM9OAyNR1orFaKPSf1AbYhEydmD&_nc_zt=3&_nc_ht=scontent-fra5-1.oculuscdn.com&oh=00_AYAmH9rE3bgSnwVISrQO2FvoODmlCuD0BbmMcSGitp0dQw&oe=67B6A207;Impulse: Playing with Reality;6;6,99;Ja;Chinesisch (China), Englisch, Spanisch (Spanien);Offline;Ein preisgekröntes Mixed-Reality-Erlebnis, das durch die innovative Verschmelzung von realen und virtuellen Elementen packende Geschichten erzählt. Interaktive und empathische Erzählungen schaffen eine fesselnde Verbindung zwischen Realität und Fantasie.;Mixed Reality, Dynamische Tageszeit, Google Street View, Interaktiv, Innovation;Medienkunde;GS, OS;;;;;;Immersion und Interaktion;Freiraum-Modus, Sitzend, Stehend;Angenehm;Keine;;;;;https://www.meta.com/de-de/experiences/6468391126573976/;http://www.impulse-xr.io/;1,73 GB;Einzelspieler; Quest 3S,  Quest 3,  Quest Pro,  Quest 2;
6963344583787380;Meta;15/02/2025;https://scontent-fra3-1.oculuscdn.com/v/t64.7195-25/38984460_2277979079236719_3358459759411708509_n.mp4?_nc_cat=108&ccb=1-7&_nc_sid=b20b63&_nc_ohc=_KFszYh2RD8Q7kNvgF8G1be&_nc_oc=AdgJsamhs1crtFcdlgFq5TjpDDdbu-dPOt_heIq-mgyKoAFAH6uS10sEpMMB7O-TjSfEUHylDSjtsLde7NOlqua9&_nc_zt=28&_nc_ht=scontent-fra3-1.oculuscdn.com&_nc_gid=A47wPlxKECFSjFLs7ETgWYu&oh=00_AYA4o471MCs6BgyLzVhwDyxM3K3GHXpV-VuzU_cMekHx5Q&oe=67B6AD58;https://scontent-fra5-2.oculuscdn.com/v/t64.5771-25/86817056_802974071929404_9014811063829350859_n.jpg?stp=dst-jpg_q92_s1440x1440_tt6&_nc_cat=109&ccb=1-7&_nc_sid=6e7a0a&_nc_ohc=Yc2moIS5vzgQ7kNvgEPikh_&_nc_oc=Adh34XY0cbZVj0kl3-eqOVuTp5okJcKBJuykU-y96f6ckT7DAHfSH7IGbYFWDG3CZ5fjIgi30LQWrdl3OF_CgLee&_nc_zt=3&_nc_ht=scontent-fra5-2.oculuscdn.com&oh=00_AYA-bQW1WUszTpdTkllY6neDMsFvJoI-_M0SM_VrF805XQ&oe=67B6B671;Maestro;0;24,99;Ja;Deutsch, Chinesisch (China), Englisch, Französisch (Frankreich), Italienisch, Japanisch, Koreanisch, Russisch, Spanisch (Spanien);Download;Die Beschreibung ist unvollständig, daher fehlen nähere Details zum Spielerlebnis.;Musik, Dirigent, VR, Interaktion;Musik;Sek1;;;;;;Immersion und Interaktion;Stehend, Freiraum-Modus;Angenehm;Keine;;;;;https://www.meta.com/de-de/experiences/6963344583787383/;https://maestro-game.com/;1,59 GB;Einzelspieler; Quest 3S,  Quest 3,  Quest Pro,  Quest 2;
7434364646649670;Meta;15/02/2025;https://scontent-fra3-2.oculuscdn.com/v/t64.7195-25/10000000_960470748516813_9175426332167039340_n.mp4?_nc_cat=104&ccb=1-7&_nc_sid=b20b63&_nc_ohc=AH4QhdRJJC4Q7kNvgFX61AL&_nc_oc=Adhb2RrFAtnC1i5yEzG3G03XBKWdKdWHNMbqecJKapjqOn8qR4Dd2L8PZw5v8EM7UsfHJb65AqaFRAJgM3t31VRQ&_nc_zt=28&_nc_ht=scontent-fra3-2.oculuscdn.com&_nc_gid=AgwhzulABwa8HHV-LCxSk5h&oh=00_AYBqEzr41v_nv5h6S46-QBI4gkvyy6IKle4qZRrohg7Slg&oe=67B6AA4B;https://scontent-fra5-1.oculuscdn.com/v/t64.5771-25/38974510_2266742257050588_4929222418814947158_n.jpg?stp=dst-jpg_q92_s1440x1440_tt6&_nc_cat=100&ccb=1-7&_nc_sid=6e7a0a&_nc_ohc=TELvThq2rMwQ7kNvgE3Kw1g&_nc_oc=Adhgz19pkIlDg9Xe52kGGc757G1qrEHgtFgciElnUbw4Abqcnl_7nDr-RDjDlgfuuWaYz8xTy5EIyKmF6BYj6tme&_nc_zt=3&_nc_ht=scontent-fra5-1.oculuscdn.com&oh=00_AYAh2wy_rEWT3wFp_uEPc66hE7lPvP32unFJvYgAdgnJxw&oe=67B69B0F;Immersive ChemLab - AAS;0;0;Nein;Englisch;Offline;Diese VR-Umgebung ermöglicht praxisnahes Training in quantitativen Analysemethoden mittels Flammen-AAS und vermittelt den Umgang mit moderner Labortechnik. Sie richtet sich vor allem an fortgeschrittene Chemie-Studierende, bietet aber auch Potenzial für jüngere Lernende und befindet sich noch in der Entwicklungsphase.;Chemielabor, Analyse, quantitative Chemie, AAS, Labortraining, Immersion;Chemie;Sek2;;;;;;Lernanwendung;Sitzend, Stehend, Freiraum-Modus;Nicht bewertet;Keine;;;;;https://www.meta.com/de-de/experiences/7434364646649668/;https://www.fourthreality.com/;165,2 MB;Einzelspieler; Quest 3S,  Quest 3,  Quest 2;
7616724141790250;Meta;15/02/2025;https://scontent-fra3-2.oculuscdn.com/v/t64.7195-25/38982672_1076742110692147_5191834850780241334_n.mp4?_nc_cat=111&ccb=1-7&_nc_sid=b20b63&_nc_ohc=BUeR8GTCHEMQ7kNvgGPAiKc&_nc_oc=AdgTMy_L5bMJeEQIKoc2o750-iOfMVYTtbxfYGYyqBvohHJG-2LfnNktoS-qKsUN4xmuBDsxyX2ZCz4-HPdF6hKI&_nc_zt=28&_nc_ht=scontent-fra3-2.oculuscdn.com&_nc_gid=AaXJujXwF9W8el8y-IPT0iD&oh=00_AYBvcs7keSHmbxc68Fv4oW4v9nTPGjC0mBUOwq3QAKnhsg&oe=67B6BA5D;https://scontent-fra5-2.oculuscdn.com/v/t64.5771-25/57566697_1241540957211327_1014960363896434415_n.jpg?stp=dst-jpg_q92_s1440x1440_tt6&_nc_cat=106&ccb=1-7&_nc_sid=6e7a0a&_nc_ohc=NOOBubSWGxcQ7kNvgGKo5zP&_nc_oc=Adj4zS-dej_MA851VtqAr1XTwas8F7tYZz6X9kgAaohJB1sVcDlf7eygQ2XADNkZATbKJuKB_mqEssSO7h_Dw3Ot&_nc_zt=3&_nc_ht=scontent-fra5-2.oculuscdn.com&oh=00_AYB_E32pbcJ_nV1yYK1xB7fVQuCaeRK9cQGloDOoGxyQQw&oe=67B6B612;M. Curie;0;4,99 €;Nein;Englisch;Offline;Dieses interaktive VR-Erlebnis versetzt dich in die Welt des 19. Jahrhunderts, in der du wissenschaftliche Geräte bedienst und experimentelle Aufgaben wie Mineralzerkleinerung, Messungen radioaktiver Stoffe und Säuretests durchführst. Dabei forderst du dein logisches Denken heraus, indem du Rätsel löst, die dir spezielle Gegenstände freischalten.;Marie Curie, Physik, Wissenschaft, Geschichte, Rätsel, Labor, Experiment;Physik;Sek2;;;;;;Lernanwendung;Sitzend;Angenehm;Keine;;;;;https://www.meta.com/de-de/experiences/7616724141790253/;https://timewavestudio.com/m-curie-vr;635,2 MB;Einzelspieler; Quest 3S,  Quest 3,  Quest Pro,  Quest 2;
7712124182163900;Meta;15/02/2025;https://scontent-fra3-2.oculuscdn.com/v/t64.7195-25/38974840_436833395878422_2608941827252389872_n.mp4?_nc_cat=111&ccb=1-7&_nc_sid=b20b63&_nc_ohc=a7WGKSS_tUUQ7kNvgFyn4j1&_nc_oc=AdjQTzoocdlT0MHkyGsRh2dSWu7-PO6G-xLeBXKZvJaGcj8b7XNhtfD0Ln0wu-Lc_65-WCeRLOl5GBN9snaML8Yo&_nc_zt=28&_nc_ht=scontent-fra3-2.oculuscdn.com&_nc_gid=A46wRtbkSzBdtFpErL7N-xk&oh=00_AYDJ-dd9WeoJe8cEyvQw02Z3iwzGc6GGv9EDbLZ-hvc_TA&oe=67B69EDF;https://scontent-fra5-1.oculuscdn.com/v/t64.5771-25/75230052_1641680829988622_4832320666712988401_n.jpg?stp=dst-jpg_q92_s1440x1440_tt6&_nc_cat=110&ccb=1-7&_nc_sid=6e7a0a&_nc_ohc=lGPdbDtLK0sQ7kNvgHxmoOl&_nc_oc=AdglNv5D2WbkqCvnNUtQa2LVBiCGfcuvUyptltRadoiW-OhqOAw66T2mCNEIpkXz5L0Qq5LUwLX0Rsugl_K5c3vY&_nc_zt=3&_nc_ht=scontent-fra5-1.oculuscdn.com&oh=00_AYCBtSBGZUHOjxvFo4BtwvzD8IOIvOTTdIomtAhWo_sd5w&oe=67B6A10F;Body of Mine;12;9,99;Nein;Englisch;Download;Diese preisgekrönte VR-Erfahrung ermöglicht es dir, die Perspektive eines anderen Geschlechts einzunehmen und intime Geschichten von Transgender-Personen zu erleben. Durch innovative Tracking-Technologien werden Erlebnisse von Geschlechtsdysphorie und Euphorie eindrucksvoll vermittelt.;Transgender, Geschlechtsidentität, Körpererfahrung, VR, Inklusion, Empathie;Sozialkunde;Sek2;;;;;;Interaktive Geschichten;Stehend, Freiraum-Modus;Angenehm;Keine;;;;;https://www.meta.com/de-de/experiences/7712124182163903/;https://www.bodyofminevr.com/;907,02 MB;Einzelspieler; Quest 3S,  Quest 3,  Quest Pro,  Quest 2;
7830420446969760;Meta;15/02/2025;https://scontent-fra5-1.oculuscdn.com/v/t64.7195-25/39031618_456926005896394_148615476527248425_n.mp4?_nc_cat=102&ccb=1-7&_nc_sid=b20b63&_nc_ohc=cwpM3erob9AQ7kNvgEFYnNZ&_nc_oc=AdiwXrTX5Bbg4WgY6CvuymE9KOBHeaICdxZXa4cqFPhl2Wb3OwHRPDdZPERkguK3b1E0HbAcetFKTnBxzTMSGXIK&_nc_zt=28&_nc_ht=scontent-fra5-1.oculuscdn.com&_nc_gid=AwaQ-r--5cNHFhJ-2-ai7Ur&oh=00_AYBQooAvz2fdyhr7zTNVr9pS-S-IsjY7x3I0NLsKKUeDyg&oe=67B69739;https://scontent-fra3-1.oculuscdn.com/v/t64.5771-25/39031466_367660138673247_8871354932731974923_n.jpg?stp=dst-jpg_q92_s1440x1440_tt6&_nc_cat=103&ccb=1-7&_nc_sid=6e7a0a&_nc_ohc=V30Q4seDFdYQ7kNvgFKbAs3&_nc_oc=Adhrq4oRnjIObUCEz5ztkmONGkKK_JUQ8yNHxXzQbIcOud8rVM_U-74L9VoQfGikFngtoNyQsiAthLKjr2cvhQbM&_nc_zt=3&_nc_ht=scontent-fra3-1.oculuscdn.com&oh=00_AYDB0D-8b9ZO7YVGBibCMxQm8AsUanMONT65K8bo4Md2Ew&oe=67B6B04A;Polysketch;0;0;Ja;Englisch;Offline;Dieses einfache und spaßige VR-Kreativtool ermöglicht es dir, in 3D Formen zu zeichnen, Farben hinzuzufügen und deine Kreationen zu exportieren. Damit kannst du mühelos originelle Welten, Objekte und Charaktere erschaffen und teilen.;3D, Kreativität, Skizzieren, Modellierung, Design, Export, Open Blocks, Polysketch;Kunst;Sek1, Sek2;;;;;;Kreativität;Sitzend, Stehend, Freiraum-Modus;Nicht bewertet;Keine;;;;;https://www.meta.com/de-de/experiences/7830420446969757/;https://www.polysketchvr.com/;248,77 MB;Einzelspieler; Quest,  Quest 3S,  Quest 3,  Quest Pro,  Quest 2;
8043509915705380;Meta;15/02/2025;https://scontent-fra3-1.oculuscdn.com/v/t64.7195-25/473393909_1625201705055313_7841638352526678540_n.mp4?_nc_cat=108&ccb=1-7&_nc_sid=b20b63&_nc_ohc=RJYHqOflS-wQ7kNvgFiZhpb&_nc_oc=AdiS1j-ntqZcgHb97phKYf82nlAB7vZ2Rj_Rq6R7eNZ_ywdZbrM_YrzJpDFvHClTsncRjhpzeDWBB14BAkeuFUPL&_nc_zt=28&_nc_ht=scontent-fra3-1.oculuscdn.com&_nc_gid=AV9Mrhaez3WTvl4B8_1ETJ8&oh=00_AYDaU967MOAerzW4l_KqfjHN2JLMumVe9p4o3vGQ-dSxEg&oe=67B6B4E1;https://scontent-fra3-2.oculuscdn.com/v/t64.5771-25/39031640_568033942603975_1144201854395573722_n.jpg?stp=dst-jpg_q92_s1440x1440_tt6&_nc_cat=104&ccb=1-7&_nc_sid=6e7a0a&_nc_ohc=_21F_9RyxEsQ7kNvgF98oPO&_nc_oc=AdiA1rL8VZmEheaYgiIsvi2-KgLldldofztFJAxSE0dEGb5CgNZt1TV8iwFDLb4COP8zqo5zd06EqxAcZ2Ywg38E&_nc_zt=3&_nc_ht=scontent-fra3-2.oculuscdn.com&oh=00_AYDdVCqy61fWumKMzw1gy0edAzt-fAw5JSzmN_3rt92JbA&oe=67B6ADB1;Open Blocks;0;0;Nein;Englisch;Download;Dieses benutzerfreundliche VR-Tool ermöglicht es dir, ohne Vorkenntnisse mühelos 3D-Objekte zu erstellen und deine Kreativität in volumetrische Meisterwerke umzusetzen. Als Weiterentwicklung der ursprünglich von Google entwickelten Anwendung bietet es eine offene Plattform für innovative Designs.;3D, Kreativität, Modellierung, Open Source, Blocks, VR, Gestaltung;Kunst;Sek1, Sek2;;;;;;Kreativität;Sitzend, Stehend, Freiraum-Modus;Angenehm;Keine;;;;;https://www.meta.com/de-de/experiences/8043509915705378/;https://openblocks.app/;391,34 MB;Einzelspieler; Quest 3S,  Quest 3,  Quest Pro,  Quest 2;
8059969844060360;Meta;15/02/2025;https://scontent-fra5-1.oculuscdn.com/v/t64.7195-25/38984475_1031518751896224_9145685404013259666_n.mp4?_nc_cat=110&ccb=1-7&_nc_sid=b20b63&_nc_ohc=tvcDT8L-nzMQ7kNvgFRV2Aj&_nc_oc=AdgxRlYbmmxfaVT5-BU5gVjmcYI7rjrSezTgroum6PCEY2MszI73nqh6gkj-HISySvUEowGoYhXe0Zw9RdBXQjCQ&_nc_zt=28&_nc_ht=scontent-fra5-1.oculuscdn.com&_nc_gid=AUd_36nKt4jai6fsYcgPx_r&oh=00_AYDd2if24237e2I5jgrZmpTObZXHiHW2l8zmJKe5snLGqw&oe=67B69E47;https://scontent-fra3-1.oculuscdn.com/v/t64.5771-25/227837669_812900267650574_1241216954697134402_n.jpg?stp=dst-jpg_q92_s1440x1440_tt6&_nc_cat=105&ccb=1-7&_nc_sid=6e7a0a&_nc_ohc=GPZPyzosqAYQ7kNvgFym4QD&_nc_oc=AdjzmPRbS5pmSx4lMigLN_auR-h9Hos_s37sSYHTjVqq6jWBACa9TZSambtgPAkKsiUzeZ47pcPvOg2KFaJYWdip&_nc_zt=3&_nc_ht=scontent-fra3-1.oculuscdn.com&oh=00_AYAybNhWaFYDaaH-gb8qZwypKVhbAsJqEL2AVqj73CKETg&oe=67B6AF86;Riad VR;0;0;Nein;Englisch;Offline;Dieses immersive VR-Erlebnis entführt dich in einen traditionellen marokkanischen Riad, in dem du kunstvoll gestaltete Innenhöfe, Zierfliesen und Schnitzereien sowie die Ruhe und Schönheit der Architektur erlebst. Dabei entdeckst du die kulturelle Bedeutung marokkanischer Designelemente und genießt den beruhigenden Klang traditioneller Musik.;Marokko, Riad, Architektur, Kultur, Entspannung, Tradition;Kunst;Sek1;;;;;;Virtuelle Lernorte;Freiraum-Modus, Stehend, Sitzend;Angenehm;Keine;;;;;https://www.meta.com/de-de/experiences/8059969844060361/;https://octav.studio/;438,41 MB;Einzelspieler; Quest 3S,  Quest 3,  Quest Pro,  Quest 2;
8103385873065910;Meta;15/02/2025;https://scontent-fra3-1.oculuscdn.com/v/t64.7195-25/38982542_1234850150402281_1405624640586766075_n.mp4?_nc_cat=108&ccb=1-7&_nc_sid=b20a63&_nc_ohc=_sAbREELPhcQ7kNvgEaaLgI&_nc_oc=AdjMkuehEHrU9_ENXkFAc_cN2mZsTvfEJRzb74rmlai7fzyrB41DoqKWb5zeHFR3LWATFdYJmwByFsfafE1WoPag&_nc_zt=28&_nc_ht=scontent-fra3-1.oculuscdn.com&_nc_gid=A21mLPoF6gxeZVrD9M2GQbO&oh=00_AYCP-QDhF7grb7WneEnjtWE6U3DNtJ2jAEB457_qCYoSBQ&oe=67B6953E;https://scontent-fra5-1.oculuscdn.com/v/t64.5771-25/75476758_608594534301242_8395306881435252422_n.jpg?stp=dst-jpg_q92_s1440x1440_tt6&_nc_cat=110&ccb=1-7&_nc_sid=6e7a0a&_nc_ohc=BEELIwFzJkUQ7kNvgEwI0oL&_nc_oc=AdgvMNQNtJskAlhD3E5JYbkwbz84F5z9Hh6tT1L5qX0oE_BOg5CUwhv9locL5RKTEhhgTezCdkpRQt5vvYN94uvg&_nc_zt=3&_nc_ht=scontent-fra5-1.oculuscdn.com&oh=00_AYBl0sdxsQGeW9Nds8pht5u7lGuhbB4ylU4oFR_KmTImLA&oe=67B686C0;Missing Pictures: Abel Ferrara;16;0;Nein;Deutsch, Chinesisch (Taiwan), Englisch, Französisch (Frankreich), Koreanisch;Offline;Eine VR-Dokureihe, in der namhafte Regisseure den Inhalt eines nie vollendeten Films schildern und dessen Scheitern beleuchten. In volumetrischen Aufnahmen und Echtzeit-Animationen wird eine experimentelle Reise durch unerzählte Filmgeschichten geboten.;Dokureihe, unvollendeter Film, Polit-Thriller, Abel Ferrara, New York, 1970er, Volumetrische Aufnahmen, Echtzeit-Animation;Filmbildung;Sek2;;;;;;Filmbildung;Stehend;Angenehm;Keine;;;;;https://www.meta.com/de-de/experiences/8103385873065908/;https://www.arte.tv/digitalproductions/en/missing-pictures/;1,98 GB;Einzelspieler; Quest 3S,  Quest 3,  Quest Pro,  Quest 2,  Quest;
8459099644150520;Meta;15/02/2025;https://scontent-fra3-2.oculuscdn.com/v/t64.7195-25/57572923_857382279208784_4588908849408643711_n.mp4?_nc_cat=104&ccb=1-7&_nc_sid=b20a63&_nc_ohc=k7h2hY6KD8gQ7kNvgEQ-h-Z&_nc_oc=AdjOrJeqHM1gUffT3SQEzlmB2EIYPw1Dpnj2X5bKUtFmqZcW3ajIQS5aVElEmZZFEgF56Scvf9bmv8tGvhrWUo1O&_nc_zt=28&_nc_ht=scontent-fra3-2.oculuscdn.com&_nc_gid=AhjEQkMdsjPR6gV8BxXdG1f&oh=00_AYA55R1DpgtI8qtyV8V6qLF9ONmZiHzq77V8j3atTRWjzQ&oe=67B6A696;https://scontent-fra3-1.oculuscdn.com/v/t64.5771-25/39001719_1247393093304802_4161820771004714422_n.jpg?stp=dst-jpg_q92_s1440x1440_tt6&_nc_cat=101&ccb=1-7&_nc_sid=6e7a0a&_nc_ohc=0uc7qAtw-fYQ7kNvgEJPc9F&_nc_oc=AdiSrp7IL4VLLIOdvZRvqnEug8W5s5raNnZKML8frlqaDoIN9LKXkYJuGrTnNo1Sm3sek4axcaPjVwPoRFP4Gi8f&_nc_zt=3&_nc_ht=scontent-fra3-1.oculuscdn.com&oh=00_AYCXRpZ9yJyVmihG3N2hFfHjHJeg6w4MQaLKxte1G3Cunw&oe=67B6920B;Jurassic World 2024;12;0;Nein;Englisch;Download;Zwei VR-Erlebnisse lassen dich in die Welt lebender Dinosaurier eintauchen – von der Nähe zu einem majestätischen Apatosaurus bis hin zur spannenden Überlebensgeschichte eines intelligenten Velociraptors. Staunen, Schönheit und Gefahr verschmelzen in einer naturgetreuen Inszenierung, die Faszination und Spannung vermittelt.;Dinosaurier, Urzeit, Abenteuer, Natur, Spannung, Interaktivität;Biologie;Sek1, Sek2;;;;;;Interaktive Geschichten;Sitzend, Stehend;Angenehm;Keine;;;;;https://www.meta.com/de-de/experiences/8459099644150517/;https://www.felixandpaul.com/;456,15 MB;Einzelspieler; Quest 3S,  Quest 3,  Quest Pro,  Quest 2;
8631451953533530;Meta;15/02/2025;https://scontent-fra3-2.oculuscdn.com/v/t64.7195-25/39031639_1092687029117364_3490996027299112604_n.mp4?_nc_cat=111&ccb=1-7&_nc_sid=b20b63&_nc_ohc=6oDkzbmSMo4Q7kNvgGbNSJq&_nc_oc=AdhqbjsnjCLuiCM9u6L_d-4xVevx_evN5DDROj8v4OJe9KkKndbpY4rKr9Ij6cqM_yFmZYqwDOFNib2pUczGIHxq&_nc_zt=28&_nc_ht=scontent-fra3-2.oculuscdn.com&_nc_gid=AJ0GhOrhsUdxXxWmYdRvNr0&oh=00_AYCd23cnb9z8poxbuNMWsoxVF1DZpyrBgaj_SnytpRgMqw&oe=67B6BD6D;https://scontent-fra3-1.oculuscdn.com/v/t64.5771-25/38974724_517831693948242_7327083184015312937_n.jpg?stp=dst-jpg_q92_s1440x1440_tt6&_nc_cat=105&ccb=1-7&_nc_sid=6e7a0a&_nc_ohc=Zxf763kcJ_UQ7kNvgFHnQYQ&_nc_oc=Adhz3ODbLXeg840DDEXU5qRFCwSwJkYslm5FLTizFbmxfKvbIeCHhaIrwayjfXUWQJ4ZKjLXbn5GIya6do5WpRe5&_nc_zt=3&_nc_ht=scontent-fra3-1.oculuscdn.com&oh=00_AYBBYHwTBZ6wV3KyjtH2ClBeZMEeiLPn85dO7EcDeeo2nQ&oe=67B6AF0E;Edda Physics 1 Demo - Archimedes' Principle;0;0;Nein;Chinesisch (China), Englisch, Spanisch (Argentinien), Spanisch (Chile), Spanisch (Kolumbien), Spanisch (Mexiko), Spanisch (Peru), Spanisch (Puerto Rico), Spanisch (Spanien), Spanisch (Venezuela);Offline;Dieses interaktive VR-Erlebnis ermöglicht es dir, das archimedische Prinzip und die Grundlagen der Auftriebskraft in einer visuell beeindruckenden Umgebung zu erforschen. Mit fortschrittlicher Handtracking-Technologie kannst du Objekte und Wasserstände intuitiv steuern, wodurch das Lernen anschaulich und unterhaltsam wird.;Auftrieb, Fluiddynamik, Archimedes, Interaktiv, Handtracking;Physik;Sek1;;;;;;Lernanwendung;Sitzend, Stehend, Freiraum-Modus;Angenehm;Keine;;;;;https://www.meta.com/de-de/experiences/8631451953533534/;https://eddaknowledge.com/;315,03 MB;Einzelspieler; Quest 3S,  Quest 3,  Quest Pro,  Quest 2;
8767138216715370;Meta;15/02/2025;https://scontent-fra5-2.oculuscdn.com/v/t64.7195-25/38974744_542131501967557_5281673105561724087_n.mp4?_nc_cat=106&ccb=1-7&_nc_sid=b20b63&_nc_ohc=dkha6PuJoDcQ7kNvgFWf2eU&_nc_oc=AdjoxQ4rDaDB-30VmApxOi42toD6v4b5uIPXyBeZ7HYIu_mqT0vwd1pC6NBdtjJkPhvPl1t_hiyD6nqsLoplgl4z&_nc_zt=28&_nc_ht=scontent-fra5-2.oculuscdn.com&_nc_gid=A9y02UVKwB65LOEuna2D_VZ&oh=00_AYDAiQkHVFFblOUxartLW4J4bBeeJew5dFXrxBRnQnsccA&oe=67B6982E;https://scontent-fra3-1.oculuscdn.com/v/t64.5771-25/468893243_1780223392780962_7188173503154379288_n.jpg?stp=dst-jpg_q92_s1440x1440_tt6&_nc_cat=108&ccb=1-7&_nc_sid=6e7a0a&_nc_ohc=IC9I2C2WaZgQ7kNvgEnU-5X&_nc_oc=Adh0ZSsvqLjb73HMzFktQn5rERoAR8qnrvbdV2QmZx09TUMoiOFx9RV5EV3wuCe7HXFGH-0zJ376og8ziZah0NFx&_nc_zt=3&_nc_ht=scontent-fra3-1.oculuscdn.com&oh=00_AYBNILTBEokk0haaGDZ_xNcB3euNzMk2J7a1k60Tq-Nm2g&oe=67B6B58D;Paste Photo VR;0;1,99 €;Nein;Englisch;Offline;Mit dieser Anwendung kannst du Fotos und andere unterstützte Dateiformate in einen virtuellen Raum einfügen, wo sie dauerhaft sichtbar bleiben, bis du den Bereich änderst. So setzt du deine Erinnerungen oder kreativen Werke auf innovative Weise in Szene.;Foto, Raum, Einfügen, 3D, Kreativität, Open Source, Gestaltung;Kunst;Sek1, Sek2;;;;;;Kreativität;Freiraum-Modus;Angenehm;Keine;;;;;https://www.meta.com/de-de/experiences/8767138216715369/;https://blog.naver.com/uc7/223680590174;297,39 MB;Einzelspieler; Quest 3S,  Quest 3,  Quest Pro,  Quest 2;
8818707444807950;Meta;15/02/2025;https://scontent-fra5-2.oculuscdn.com/v/t64.7195-25/39003231_1088883212594599_2000099366500948153_n.mp4?_nc_cat=109&ccb=1-7&_nc_sid=b20b63&_nc_ohc=BvDTGVPt_TMQ7kNvgE-ulZT&_nc_oc=Adg2cJPfzI7RcpqGiZWoqiee6dTCN4S68QB3ynQJJewKPtdfgd1PxTFOO-XzpraA3fAV60aVYzCT3LHQIsfhl5fT&_nc_zt=28&_nc_ht=scontent-fra5-2.oculuscdn.com&_nc_gid=AhAXH2Ey-K4qtr0QBdQdSw-&oh=00_AYAF6a6uh7oxjxpGDbFL_R9yeMciddULIIjSoBkODDfOnQ&oe=67B69384;https://scontent-fra3-1.oculuscdn.com/v/t64.5771-25/39001695_1242339586928870_1277832577216367091_n.jpg?stp=dst-jpg_q92_s1440x1440_tt6&_nc_cat=103&ccb=1-7&_nc_sid=6e7a0a&_nc_ohc=w4E6BBHk4gwQ7kNvgFwmIgK&_nc_oc=Adiwj0g2e0vTwqo_5CVcihXUXfY3nkCEqyZWsaEXBnc4OdoGdTY6pVyUr1wAJffukOFkoqkUq5uLQV8o4I5vVyrG&_nc_zt=3&_nc_ht=scontent-fra3-1.oculuscdn.com&oh=00_AYDDZhu0B6b2jJ02Kmm4KVrbxtbPBuBYZHtCKnNwNTV17g&oe=67B69893;Understanding Heart Attack;6;12,99 €;Nein;Englisch;Offline;Dieses einzigartige VR-Erlebnis vermittelt medizinisches Wissen, indem es dich in das Innere eines erkrankten menschlichen Herzens eintauchen lässt. Durch die Kombination von 3D-Medizinkunst und interaktiver Bildung wird das Lernen intuitiv und greifbar, indem du sogar ein realistisch schlagendes Herz in deinen Händen hältst.;Herzinfarkt, Medizin, Bildung, XR, Anatomie, Herz, Gesundheit;Biologie;Sek2;;;;;;Lernanwendung;Sitzend, Stehend, Freiraum-Modus;Angenehm;Keine;;;;;https://www.meta.com/de-de/experiences/8818707444807945/;https://xranatomy.com/;759,49 MB;Einzelspieler; Quest 3S,  Quest 3,  Quest Pro,  Quest 2;
9557339380948880;Meta;15/02/2025;;https://scontent-fra3-1.oculuscdn.com/v/t64.5771-25/75395422_588426683746844_6937135606939504176_n.jpg?stp=dst-jpg_q92_s2048x2048_tt6&_nc_cat=105&ccb=1-7&_nc_sid=6e7a0a&_nc_ohc=CO8hUMA1nvMQ7kNvgE6iKoH&_nc_oc=AdgbBIxxOXDq6ZKjogrFec1Db8NApFINDsbHVmPzVufZNm-RwNc4PhUSCAtVS5TXFn_3LYMG78PFLBIWAkSniPkH&_nc_zt=3&_nc_ht=scontent-fra3-1.oculuscdn.com&oh=00_AYAmDCHAlC-RSxnly6xkM2Oa0ykTHZ2XzJRD2HxVJtIlBQ&oe=67B68D72;Pisa: Explore the World-Famous Cathedral;0;1,99;Nein;Englisch;Online;In dieser VR-Reise entdeckst du die Pracht einer weltberühmten Kathedrale, beginnend am malerischen Platz und führend ins Innere voller beeindruckender architektonischer Details. Die Erkundung enthüllt monumentale Marmorsäulen, kunstvoll verzierte Altäre und ein stimmungsvoll beleuchtetes Interieur, das die reiche Geschichte und Hingabe widerspiegelt.;Architektur, Geschichte, Kunst, Tourismus, Sakrale Kunst, Erlebnis;Geschichte;GS;;;;;;Virtuelle Lernorte;Sitzend;Angenehm;Keine;;;;;https://www.meta.com/de-de/experiences/9557339380948881/;http://vrtravelx.net/;76,69 MB;Einzelspieler; Quest 3S,  Quest 3,  Quest Pro,  Quest 2;
25785779247734700;Meta;15/02/2025;;https://scontent-fra5-1.oculuscdn.com/v/t64.5771-25/38974910_687313026879878_1809780345279655459_n.jpg?stp=dst-jpg_q92_s2048x2048_tt6&_nc_cat=110&ccb=1-7&_nc_sid=6e7a0a&_nc_ohc=3Ga8stqNX0gQ7kNvgFS6BQ9&_nc_oc=Adi2gwPtE8aqcShpmAlZd3hMCnAmuMeXUxx8RoJkcFFt8TbBJkFOr2ZMM23Zs9_wYn0itGbtq3ry_nixjvO8ZOu6&_nc_zt=3&_nc_ht=scontent-fra5-1.oculuscdn.com&oh=00_AYBCAiBVUiS2vSdzm8Y8CuiQdKQbS3t6N9ieHHdWrLMsxA&oe=67B692D7;Chemistry Lab VR;0;0;Nein;Englisch;Online;Ein immersives VR-Laborerlebnis, das Schülern praxisnahe Chemieexperimente und Sicherheitsaspekte vermittelt. Mit interaktiven Elementen, einem Roboterassistenten und beeindruckenden Visuals werden Metallionen in Lösungen identifiziert, was ein spannendes und lehrreiches Erlebnis garantiert.;Chemiepraktikum, Metallionen, Sicherheit, Interaktiv, Labor, Roboterassistent;Chemie;GS;;;;;;Lernanwendung;Sitzend, Stehend, Freiraum-Modus;Nicht bewertet;Keine;;;;;https://www.meta.com/de-de/experiences/25785779247734698/;https://2345656.wixsite.com/chemistrylab-vr;505,53 MB;Einzelspieler; Quest 3S,  Quest 3;
